"File","NavText","Template"
"about.html","FAQ","template-001-beauty-studio"
"blog-detail.html","FAQ","template-001-beauty-studio"
"blog.html","FAQ","template-001-beauty-studio"
"booking.html","FAQ","template-001-beauty-studio"
"contact.html","FAQ","template-001-beauty-studio"
"faq.html","FAQ","template-001-beauty-studio"
"index.html","FAQ","template-001-beauty-studio"
"portfolio.html","FAQ","template-001-beauty-studio"
"process.html","FAQ","template-001-beauty-studio"
"reviews.html","FAQ","template-001-beauty-studio"
"service-detail.html","FAQ","template-001-beauty-studio"
"services.html","FAQ","template-001-beauty-studio"
"about.html","FAQ","template-002-modern-restaurant"
"blog-detail.html","FAQ","template-002-modern-restaurant"
"blog.html","FAQ","template-002-modern-restaurant"
"booking.html","FAQ","template-002-modern-restaurant"
"contact.html","FAQ","template-002-modern-restaurant"
"faq.html","FAQ","template-002-modern-restaurant"
"index.html","FAQ","template-002-modern-restaurant"
"portfolio.html","FAQ","template-002-modern-restaurant"
"process.html","FAQ","template-002-modern-restaurant"
"reviews.html","FAQ","template-002-modern-restaurant"
"service-detail.html","FAQ","template-002-modern-restaurant"
"services.html","FAQ","template-002-modern-restaurant"
"about.html","ABOUT","template-003-fashion-boutique"
"about.html","COLLECTION","template-003-fashion-boutique"
"about.html","LOOKBOOK","template-003-fashion-boutique"
"about.html","GALLERY","template-003-fashion-boutique"
"about.html","REVIEWS","template-003-fashion-boutique"
"about.html","FAQ","template-003-fashion-boutique"
"about.html","APPOINTMENT","template-003-fashion-boutique"
"about.html","PROCESS","template-003-fashion-boutique"
"about.html","JOURNAL","template-003-fashion-boutique"
"about.html","CONTACT","template-003-fashion-boutique"
"blog-detail.html","ABOUT","template-003-fashion-boutique"
"blog-detail.html","COLLECTION","template-003-fashion-boutique"
"blog-detail.html","LOOKBOOK","template-003-fashion-boutique"
"blog-detail.html","GALLERY","template-003-fashion-boutique"
"blog-detail.html","REVIEWS","template-003-fashion-boutique"
"blog-detail.html","FAQ","template-003-fashion-boutique"
"blog-detail.html","APPOINTMENT","template-003-fashion-boutique"
"blog-detail.html","PROCESS","template-003-fashion-boutique"
"blog-detail.html","JOURNAL","template-003-fashion-boutique"
"blog-detail.html","CONTACT","template-003-fashion-boutique"
"blog.html","ABOUT","template-003-fashion-boutique"
"blog.html","COLLECTION","template-003-fashion-boutique"
"blog.html","LOOKBOOK","template-003-fashion-boutique"
"blog.html","GALLERY","template-003-fashion-boutique"
"blog.html","REVIEWS","template-003-fashion-boutique"
"blog.html","FAQ","template-003-fashion-boutique"
"blog.html","APPOINTMENT","template-003-fashion-boutique"
"blog.html","PROCESS","template-003-fashion-boutique"
"blog.html","JOURNAL","template-003-fashion-boutique"
"blog.html","CONTACT","template-003-fashion-boutique"
"booking.html","ABOUT","template-003-fashion-boutique"
"booking.html","COLLECTION","template-003-fashion-boutique"
"booking.html","LOOKBOOK","template-003-fashion-boutique"
"booking.html","GALLERY","template-003-fashion-boutique"
"booking.html","REVIEWS","template-003-fashion-boutique"
"booking.html","FAQ","template-003-fashion-boutique"
"booking.html","APPOINTMENT","template-003-fashion-boutique"
"booking.html","PROCESS","template-003-fashion-boutique"
"booking.html","JOURNAL","template-003-fashion-boutique"
"booking.html","CONTACT","template-003-fashion-boutique"
"contact.html","ABOUT","template-003-fashion-boutique"
"contact.html","COLLECTION","template-003-fashion-boutique"
"contact.html","LOOKBOOK","template-003-fashion-boutique"
"contact.html","GALLERY","template-003-fashion-boutique"
"contact.html","REVIEWS","template-003-fashion-boutique"
"contact.html","FAQ","template-003-fashion-boutique"
"contact.html","APPOINTMENT","template-003-fashion-boutique"
"contact.html","PROCESS","template-003-fashion-boutique"
"contact.html","JOURNAL","template-003-fashion-boutique"
"contact.html","CONTACT","template-003-fashion-boutique"
"faq.html","ABOUT","template-003-fashion-boutique"
"faq.html","COLLECTION","template-003-fashion-boutique"
"faq.html","LOOKBOOK","template-003-fashion-boutique"
"faq.html","GALLERY","template-003-fashion-boutique"
"faq.html","REVIEWS","template-003-fashion-boutique"
"faq.html","FAQ","template-003-fashion-boutique"
"faq.html","APPOINTMENT","template-003-fashion-boutique"
"faq.html","PROCESS","template-003-fashion-boutique"
"faq.html","JOURNAL","template-003-fashion-boutique"
"faq.html","CONTACT","template-003-fashion-boutique"
"index.html","ABOUT","template-003-fashion-boutique"
"index.html","COLLECTION","template-003-fashion-boutique"
"index.html","LOOKBOOK","template-003-fashion-boutique"
"index.html","GALLERY","template-003-fashion-boutique"
"index.html","REVIEWS","template-003-fashion-boutique"
"index.html","FAQ","template-003-fashion-boutique"
"index.html","APPOINTMENT","template-003-fashion-boutique"
"index.html","PROCESS","template-003-fashion-boutique"
"index.html","JOURNAL","template-003-fashion-boutique"
"index.html","CONTACT","template-003-fashion-boutique"
"portfolio.html","ABOUT","template-003-fashion-boutique"
"portfolio.html","COLLECTION","template-003-fashion-boutique"
"portfolio.html","LOOKBOOK","template-003-fashion-boutique"
"portfolio.html","GALLERY","template-003-fashion-boutique"
"portfolio.html","REVIEWS","template-003-fashion-boutique"
"portfolio.html","FAQ","template-003-fashion-boutique"
"portfolio.html","APPOINTMENT","template-003-fashion-boutique"
"portfolio.html","PROCESS","template-003-fashion-boutique"
"portfolio.html","JOURNAL","template-003-fashion-boutique"
"portfolio.html","CONTACT","template-003-fashion-boutique"
"process.html","ABOUT","template-003-fashion-boutique"
"process.html","COLLECTION","template-003-fashion-boutique"
"process.html","LOOKBOOK","template-003-fashion-boutique"
"process.html","GALLERY","template-003-fashion-boutique"
"process.html","REVIEWS","template-003-fashion-boutique"
"process.html","FAQ","template-003-fashion-boutique"
"process.html","APPOINTMENT","template-003-fashion-boutique"
"process.html","PROCESS","template-003-fashion-boutique"
"process.html","JOURNAL","template-003-fashion-boutique"
"process.html","CONTACT","template-003-fashion-boutique"
"reviews.html","ABOUT","template-003-fashion-boutique"
"reviews.html","COLLECTION","template-003-fashion-boutique"
"reviews.html","LOOKBOOK","template-003-fashion-boutique"
"reviews.html","GALLERY","template-003-fashion-boutique"
"reviews.html","REVIEWS","template-003-fashion-boutique"
"reviews.html","FAQ","template-003-fashion-boutique"
"reviews.html","APPOINTMENT","template-003-fashion-boutique"
"reviews.html","PROCESS","template-003-fashion-boutique"
"reviews.html","JOURNAL","template-003-fashion-boutique"
"reviews.html","CONTACT","template-003-fashion-boutique"
"service-detail.html","ABOUT","template-003-fashion-boutique"
"service-detail.html","COLLECTION","template-003-fashion-boutique"
"service-detail.html","LOOKBOOK","template-003-fashion-boutique"
"service-detail.html","GALLERY","template-003-fashion-boutique"
"service-detail.html","REVIEWS","template-003-fashion-boutique"
"service-detail.html","FAQ","template-003-fashion-boutique"
"service-detail.html","APPOINTMENT","template-003-fashion-boutique"
"service-detail.html","PROCESS","template-003-fashion-boutique"
"service-detail.html","JOURNAL","template-003-fashion-boutique"
"service-detail.html","CONTACT","template-003-fashion-boutique"
"services.html","ABOUT","template-003-fashion-boutique"
"services.html","COLLECTION","template-003-fashion-boutique"
"services.html","LOOKBOOK","template-003-fashion-boutique"
"services.html","GALLERY","template-003-fashion-boutique"
"services.html","REVIEWS","template-003-fashion-boutique"
"services.html","FAQ","template-003-fashion-boutique"
"services.html","APPOINTMENT","template-003-fashion-boutique"
"services.html","PROCESS","template-003-fashion-boutique"
"services.html","JOURNAL","template-003-fashion-boutique"
"services.html","CONTACT","template-003-fashion-boutique"
"about.html","Menu","template-004-coffee-shop"
"about.html","FAQ","template-004-coffee-shop"
"blog-detail.html","Menu","template-004-coffee-shop"
"blog-detail.html","FAQ","template-004-coffee-shop"
"blog.html","Menu","template-004-coffee-shop"
"blog.html","FAQ","template-004-coffee-shop"
"booking.html","Menu","template-004-coffee-shop"
"booking.html","FAQ","template-004-coffee-shop"
"contact.html","Menu","template-004-coffee-shop"
"contact.html","FAQ","template-004-coffee-shop"
"faq.html","Menu","template-004-coffee-shop"
"faq.html","FAQ","template-004-coffee-shop"
"index.html","Menu","template-004-coffee-shop"
"index.html","FAQ","template-004-coffee-shop"
"portfolio.html","Menu","template-004-coffee-shop"
"portfolio.html","FAQ","template-004-coffee-shop"
"process.html","Menu","template-004-coffee-shop"
"process.html","FAQ","template-004-coffee-shop"
"reviews.html","Menu","template-004-coffee-shop"
"reviews.html","FAQ","template-004-coffee-shop"
"service-detail.html","Menu","template-004-coffee-shop"
"service-detail.html","FAQ","template-004-coffee-shop"
"services.html","Menu","template-004-coffee-shop"
"services.html","FAQ","template-004-coffee-shop"
"about.html","ABOUT","template-005-interior-design"
"about.html","SERVICES","template-005-interior-design"
"about.html","DETAIL","template-005-interior-design"
"about.html","WORKS","template-005-interior-design"
"about.html","REVIEWS","template-005-interior-design"
"about.html","FAQ","template-005-interior-design"
"about.html","BOOKING","template-005-interior-design"
"about.html","PROCESS","template-005-interior-design"
"about.html","BLOG","template-005-interior-design"
"about.html","CONTACT","template-005-interior-design"
"blog-detail.html","ABOUT","template-005-interior-design"
"blog-detail.html","SERVICES","template-005-interior-design"
"blog-detail.html","DETAIL","template-005-interior-design"
"blog-detail.html","WORKS","template-005-interior-design"
"blog-detail.html","REVIEWS","template-005-interior-design"
"blog-detail.html","FAQ","template-005-interior-design"
"blog-detail.html","BOOKING","template-005-interior-design"
"blog-detail.html","PROCESS","template-005-interior-design"
"blog-detail.html","BLOG","template-005-interior-design"
"blog-detail.html","CONTACT","template-005-interior-design"
"blog.html","ABOUT","template-005-interior-design"
"blog.html","SERVICES","template-005-interior-design"
"blog.html","DETAIL","template-005-interior-design"
"blog.html","WORKS","template-005-interior-design"
"blog.html","REVIEWS","template-005-interior-design"
"blog.html","FAQ","template-005-interior-design"
"blog.html","BOOKING","template-005-interior-design"
"blog.html","PROCESS","template-005-interior-design"
"blog.html","BLOG","template-005-interior-design"
"blog.html","CONTACT","template-005-interior-design"
"booking.html","ABOUT","template-005-interior-design"
"booking.html","SERVICES","template-005-interior-design"
"booking.html","DETAIL","template-005-interior-design"
"booking.html","WORKS","template-005-interior-design"
"booking.html","REVIEWS","template-005-interior-design"
"booking.html","FAQ","template-005-interior-design"
"booking.html","BOOKING","template-005-interior-design"
"booking.html","PROCESS","template-005-interior-design"
"booking.html","BLOG","template-005-interior-design"
"booking.html","CONTACT","template-005-interior-design"
"contact.html","ABOUT","template-005-interior-design"
"contact.html","SERVICES","template-005-interior-design"
"contact.html","DETAIL","template-005-interior-design"
"contact.html","WORKS","template-005-interior-design"
"contact.html","REVIEWS","template-005-interior-design"
"contact.html","FAQ","template-005-interior-design"
"contact.html","BOOKING","template-005-interior-design"
"contact.html","PROCESS","template-005-interior-design"
"contact.html","BLOG","template-005-interior-design"
"contact.html","CONTACT","template-005-interior-design"
"faq.html","ABOUT","template-005-interior-design"
"faq.html","SERVICES","template-005-interior-design"
"faq.html","DETAIL","template-005-interior-design"
"faq.html","WORKS","template-005-interior-design"
"faq.html","REVIEWS","template-005-interior-design"
"faq.html","FAQ","template-005-interior-design"
"faq.html","BOOKING","template-005-interior-design"
"faq.html","PROCESS","template-005-interior-design"
"faq.html","BLOG","template-005-interior-design"
"faq.html","CONTACT","template-005-interior-design"
"index.html","ABOUT","template-005-interior-design"
"index.html","SERVICES","template-005-interior-design"
"index.html","DETAIL","template-005-interior-design"
"index.html","WORKS","template-005-interior-design"
"index.html","REVIEWS","template-005-interior-design"
"index.html","FAQ","template-005-interior-design"
"index.html","BOOKING","template-005-interior-design"
"index.html","PROCESS","template-005-interior-design"
"index.html","BLOG","template-005-interior-design"
"index.html","CONTACT","template-005-interior-design"
"portfolio.html","ABOUT","template-005-interior-design"
"portfolio.html","SERVICES","template-005-interior-design"
"portfolio.html","DETAIL","template-005-interior-design"
"portfolio.html","WORKS","template-005-interior-design"
"portfolio.html","REVIEWS","template-005-interior-design"
"portfolio.html","FAQ","template-005-interior-design"
"portfolio.html","BOOKING","template-005-interior-design"
"portfolio.html","PROCESS","template-005-interior-design"
"portfolio.html","BLOG","template-005-interior-design"
"portfolio.html","CONTACT","template-005-interior-design"
"process.html","ABOUT","template-005-interior-design"
"process.html","SERVICES","template-005-interior-design"
"process.html","DETAIL","template-005-interior-design"
"process.html","WORKS","template-005-interior-design"
"process.html","REVIEWS","template-005-interior-design"
"process.html","FAQ","template-005-interior-design"
"process.html","BOOKING","template-005-interior-design"
"process.html","PROCESS","template-005-interior-design"
"process.html","BLOG","template-005-interior-design"
"process.html","CONTACT","template-005-interior-design"
"reviews.html","ABOUT","template-005-interior-design"
"reviews.html","SERVICES","template-005-interior-design"
"reviews.html","DETAIL","template-005-interior-design"
"reviews.html","WORKS","template-005-interior-design"
"reviews.html","REVIEWS","template-005-interior-design"
"reviews.html","FAQ","template-005-interior-design"
"reviews.html","BOOKING","template-005-interior-design"
"reviews.html","PROCESS","template-005-interior-design"
"reviews.html","BLOG","template-005-interior-design"
"reviews.html","CONTACT","template-005-interior-design"
"service-detail.html","ABOUT","template-005-interior-design"
"service-detail.html","SERVICES","template-005-interior-design"
"service-detail.html","DETAIL","template-005-interior-design"
"service-detail.html","WORKS","template-005-interior-design"
"service-detail.html","REVIEWS","template-005-interior-design"
"service-detail.html","FAQ","template-005-interior-design"
"service-detail.html","BOOKING","template-005-interior-design"
"service-detail.html","PROCESS","template-005-interior-design"
"service-detail.html","BLOG","template-005-interior-design"
"service-detail.html","CONTACT","template-005-interior-design"
"services.html","ABOUT","template-005-interior-design"
"services.html","SERVICES","template-005-interior-design"
"services.html","DETAIL","template-005-interior-design"
"services.html","WORKS","template-005-interior-design"
"services.html","REVIEWS","template-005-interior-design"
"services.html","FAQ","template-005-interior-design"
"services.html","BOOKING","template-005-interior-design"
"services.html","PROCESS","template-005-interior-design"
"services.html","BLOG","template-005-interior-design"
"services.html","CONTACT","template-005-interior-design"
"about.html","FAQ","template-006-flower-studio"
"blog-detail.html","FAQ","template-006-flower-studio"
"blog.html","FAQ","template-006-flower-studio"
"booking.html","FAQ","template-006-flower-studio"
"contact.html","FAQ","template-006-flower-studio"
"faq.html","FAQ","template-006-flower-studio"
"index.html","FAQ","template-006-flower-studio"
"portfolio.html","FAQ","template-006-flower-studio"
"process.html","FAQ","template-006-flower-studio"
"reviews.html","FAQ","template-006-flower-studio"
"service-detail.html","FAQ","template-006-flower-studio"
"services.html","FAQ","template-006-flower-studio"
"about.html","ABOUT","template-007-fitness-coach"
"about.html","TRAINING","template-007-fitness-coach"
"about.html","PROGRAM","template-007-fitness-coach"
"about.html","BEFORE/AFTER","template-007-fitness-coach"
"about.html","REVIEWS","template-007-fitness-coach"
"about.html","FAQ","template-007-fitness-coach"
"about.html","BOOK","template-007-fitness-coach"
"about.html","PROCESS","template-007-fitness-coach"
"about.html","BLOG","template-007-fitness-coach"
"about.html","CONTACT","template-007-fitness-coach"
"blog-detail.html","ABOUT","template-007-fitness-coach"
"blog-detail.html","TRAINING","template-007-fitness-coach"
"blog-detail.html","PROGRAM","template-007-fitness-coach"
"blog-detail.html","BEFORE/AFTER","template-007-fitness-coach"
"blog-detail.html","REVIEWS","template-007-fitness-coach"
"blog-detail.html","FAQ","template-007-fitness-coach"
"blog-detail.html","BOOK","template-007-fitness-coach"
"blog-detail.html","PROCESS","template-007-fitness-coach"
"blog-detail.html","BLOG","template-007-fitness-coach"
"blog-detail.html","CONTACT","template-007-fitness-coach"
"blog.html","ABOUT","template-007-fitness-coach"
"blog.html","TRAINING","template-007-fitness-coach"
"blog.html","PROGRAM","template-007-fitness-coach"
"blog.html","BEFORE/AFTER","template-007-fitness-coach"
"blog.html","REVIEWS","template-007-fitness-coach"
"blog.html","FAQ","template-007-fitness-coach"
"blog.html","BOOK","template-007-fitness-coach"
"blog.html","PROCESS","template-007-fitness-coach"
"blog.html","BLOG","template-007-fitness-coach"
"blog.html","CONTACT","template-007-fitness-coach"
"booking.html","ABOUT","template-007-fitness-coach"
"booking.html","TRAINING","template-007-fitness-coach"
"booking.html","PROGRAM","template-007-fitness-coach"
"booking.html","BEFORE/AFTER","template-007-fitness-coach"
"booking.html","REVIEWS","template-007-fitness-coach"
"booking.html","FAQ","template-007-fitness-coach"
"booking.html","BOOK","template-007-fitness-coach"
"booking.html","PROCESS","template-007-fitness-coach"
"booking.html","BLOG","template-007-fitness-coach"
"booking.html","CONTACT","template-007-fitness-coach"
"contact.html","ABOUT","template-007-fitness-coach"
"contact.html","TRAINING","template-007-fitness-coach"
"contact.html","PROGRAM","template-007-fitness-coach"
"contact.html","BEFORE/AFTER","template-007-fitness-coach"
"contact.html","REVIEWS","template-007-fitness-coach"
"contact.html","FAQ","template-007-fitness-coach"
"contact.html","BOOK","template-007-fitness-coach"
"contact.html","PROCESS","template-007-fitness-coach"
"contact.html","BLOG","template-007-fitness-coach"
"contact.html","CONTACT","template-007-fitness-coach"
"faq.html","ABOUT","template-007-fitness-coach"
"faq.html","TRAINING","template-007-fitness-coach"
"faq.html","PROGRAM","template-007-fitness-coach"
"faq.html","BEFORE/AFTER","template-007-fitness-coach"
"faq.html","REVIEWS","template-007-fitness-coach"
"faq.html","FAQ","template-007-fitness-coach"
"faq.html","BOOK","template-007-fitness-coach"
"faq.html","PROCESS","template-007-fitness-coach"
"faq.html","BLOG","template-007-fitness-coach"
"faq.html","CONTACT","template-007-fitness-coach"
"index.html","ABOUT","template-007-fitness-coach"
"index.html","TRAINING","template-007-fitness-coach"
"index.html","PROGRAM","template-007-fitness-coach"
"index.html","BEFORE/AFTER","template-007-fitness-coach"
"index.html","REVIEWS","template-007-fitness-coach"
"index.html","FAQ","template-007-fitness-coach"
"index.html","BOOK","template-007-fitness-coach"
"index.html","PROCESS","template-007-fitness-coach"
"index.html","BLOG","template-007-fitness-coach"
"index.html","CONTACT","template-007-fitness-coach"
"portfolio.html","ABOUT","template-007-fitness-coach"
"portfolio.html","TRAINING","template-007-fitness-coach"
"portfolio.html","PROGRAM","template-007-fitness-coach"
"portfolio.html","BEFORE/AFTER","template-007-fitness-coach"
"portfolio.html","REVIEWS","template-007-fitness-coach"
"portfolio.html","FAQ","template-007-fitness-coach"
"portfolio.html","BOOK","template-007-fitness-coach"
"portfolio.html","PROCESS","template-007-fitness-coach"
"portfolio.html","BLOG","template-007-fitness-coach"
"portfolio.html","CONTACT","template-007-fitness-coach"
"process.html","ABOUT","template-007-fitness-coach"
"process.html","TRAINING","template-007-fitness-coach"
"process.html","PROGRAM","template-007-fitness-coach"
"process.html","BEFORE/AFTER","template-007-fitness-coach"
"process.html","REVIEWS","template-007-fitness-coach"
"process.html","FAQ","template-007-fitness-coach"
"process.html","BOOK","template-007-fitness-coach"
"process.html","PROCESS","template-007-fitness-coach"
"process.html","BLOG","template-007-fitness-coach"
"process.html","CONTACT","template-007-fitness-coach"
"reviews.html","ABOUT","template-007-fitness-coach"
"reviews.html","TRAINING","template-007-fitness-coach"
"reviews.html","PROGRAM","template-007-fitness-coach"
"reviews.html","BEFORE/AFTER","template-007-fitness-coach"
"reviews.html","REVIEWS","template-007-fitness-coach"
"reviews.html","FAQ","template-007-fitness-coach"
"reviews.html","BOOK","template-007-fitness-coach"
"reviews.html","PROCESS","template-007-fitness-coach"
"reviews.html","BLOG","template-007-fitness-coach"
"reviews.html","CONTACT","template-007-fitness-coach"
"service-detail.html","ABOUT","template-007-fitness-coach"
"service-detail.html","TRAINING","template-007-fitness-coach"
"service-detail.html","PROGRAM","template-007-fitness-coach"
"service-detail.html","BEFORE/AFTER","template-007-fitness-coach"
"service-detail.html","REVIEWS","template-007-fitness-coach"
"service-detail.html","FAQ","template-007-fitness-coach"
"service-detail.html","BOOK","template-007-fitness-coach"
"service-detail.html","PROCESS","template-007-fitness-coach"
"service-detail.html","BLOG","template-007-fitness-coach"
"service-detail.html","CONTACT","template-007-fitness-coach"
"services.html","ABOUT","template-007-fitness-coach"
"services.html","TRAINING","template-007-fitness-coach"
"services.html","PROGRAM","template-007-fitness-coach"
"services.html","BEFORE/AFTER","template-007-fitness-coach"
"services.html","REVIEWS","template-007-fitness-coach"
"services.html","FAQ","template-007-fitness-coach"
"services.html","BOOK","template-007-fitness-coach"
"services.html","PROCESS","template-007-fitness-coach"
"services.html","BLOG","template-007-fitness-coach"
"services.html","CONTACT","template-007-fitness-coach"
"about.html","FAQ","template-008-clinic-wellness"
"blog-detail.html","FAQ","template-008-clinic-wellness"
"blog.html","FAQ","template-008-clinic-wellness"
"booking.html","FAQ","template-008-clinic-wellness"
"contact.html","FAQ","template-008-clinic-wellness"
"faq.html","FAQ","template-008-clinic-wellness"
"index.html","FAQ","template-008-clinic-wellness"
"portfolio.html","FAQ","template-008-clinic-wellness"
"process.html","FAQ","template-008-clinic-wellness"
"reviews.html","FAQ","template-008-clinic-wellness"
"service-detail.html","FAQ","template-008-clinic-wellness"
"services.html","FAQ","template-008-clinic-wellness"
"about.html","ABOUT","template-009-creative-agency"
"about.html","SERVICES","template-009-creative-agency"
"about.html","WORKS","template-009-creative-agency"
"about.html","REVIEWS","template-009-creative-agency"
"about.html","FAQ","template-009-creative-agency"
"about.html","CONTACT","template-009-creative-agency"
"about.html","BLOG","template-009-creative-agency"
"blog-detail.html","ABOUT","template-009-creative-agency"
"blog-detail.html","SERVICES","template-009-creative-agency"
"blog-detail.html","WORKS","template-009-creative-agency"
"blog-detail.html","REVIEWS","template-009-creative-agency"
"blog-detail.html","FAQ","template-009-creative-agency"
"blog-detail.html","CONTACT","template-009-creative-agency"
"blog-detail.html","BLOG","template-009-creative-agency"
"blog.html","ABOUT","template-009-creative-agency"
"blog.html","SERVICES","template-009-creative-agency"
"blog.html","WORKS","template-009-creative-agency"
"blog.html","REVIEWS","template-009-creative-agency"
"blog.html","FAQ","template-009-creative-agency"
"blog.html","CONTACT","template-009-creative-agency"
"blog.html","BLOG","template-009-creative-agency"
"booking.html","ABOUT","template-009-creative-agency"
"booking.html","SERVICES","template-009-creative-agency"
"booking.html","WORKS","template-009-creative-agency"
"booking.html","REVIEWS","template-009-creative-agency"
"booking.html","FAQ","template-009-creative-agency"
"booking.html","CONTACT","template-009-creative-agency"
"booking.html","BLOG","template-009-creative-agency"
"contact.html","ABOUT","template-009-creative-agency"
"contact.html","SERVICES","template-009-creative-agency"
"contact.html","WORKS","template-009-creative-agency"
"contact.html","REVIEWS","template-009-creative-agency"
"contact.html","FAQ","template-009-creative-agency"
"contact.html","CONTACT","template-009-creative-agency"
"contact.html","BLOG","template-009-creative-agency"
"faq.html","ABOUT","template-009-creative-agency"
"faq.html","SERVICES","template-009-creative-agency"
"faq.html","WORKS","template-009-creative-agency"
"faq.html","REVIEWS","template-009-creative-agency"
"faq.html","FAQ","template-009-creative-agency"
"faq.html","CONTACT","template-009-creative-agency"
"faq.html","BLOG","template-009-creative-agency"
"index.html","ABOUT","template-009-creative-agency"
"index.html","SERVICES","template-009-creative-agency"
"index.html","WORKS","template-009-creative-agency"
"index.html","REVIEWS","template-009-creative-agency"
"index.html","FAQ","template-009-creative-agency"
"index.html","CONTACT","template-009-creative-agency"
"index.html","BLOG","template-009-creative-agency"
"portfolio.html","ABOUT","template-009-creative-agency"
"portfolio.html","SERVICES","template-009-creative-agency"
"portfolio.html","WORKS","template-009-creative-agency"
"portfolio.html","REVIEWS","template-009-creative-agency"
"portfolio.html","FAQ","template-009-creative-agency"
"portfolio.html","CONTACT","template-009-creative-agency"
"portfolio.html","BLOG","template-009-creative-agency"
"process.html","ABOUT","template-009-creative-agency"
"process.html","SERVICES","template-009-creative-agency"
"process.html","WORKS","template-009-creative-agency"
"process.html","REVIEWS","template-009-creative-agency"
"process.html","FAQ","template-009-creative-agency"
"process.html","CONTACT","template-009-creative-agency"
"process.html","BLOG","template-009-creative-agency"
"reviews.html","ABOUT","template-009-creative-agency"
"reviews.html","SERVICES","template-009-creative-agency"
"reviews.html","WORKS","template-009-creative-agency"
"reviews.html","REVIEWS","template-009-creative-agency"
"reviews.html","FAQ","template-009-creative-agency"
"reviews.html","CONTACT","template-009-creative-agency"
"reviews.html","BLOG","template-009-creative-agency"
"service-detail.html","ABOUT","template-009-creative-agency"
"service-detail.html","SERVICES","template-009-creative-agency"
"service-detail.html","WORKS","template-009-creative-agency"
"service-detail.html","REVIEWS","template-009-creative-agency"
"service-detail.html","FAQ","template-009-creative-agency"
"service-detail.html","CONTACT","template-009-creative-agency"
"service-detail.html","BLOG","template-009-creative-agency"
"services.html","ABOUT","template-009-creative-agency"
"services.html","SERVICES","template-009-creative-agency"
"services.html","WORKS","template-009-creative-agency"
"services.html","REVIEWS","template-009-creative-agency"
"services.html","FAQ","template-009-creative-agency"
"services.html","CONTACT","template-009-creative-agency"
"services.html","BLOG","template-009-creative-agency"
"about.html","FAQ","template-011-dental-clinic"
"blog-detail.html","FAQ","template-011-dental-clinic"
"blog.html","FAQ","template-011-dental-clinic"
"booking.html","FAQ","template-011-dental-clinic"
"contact.html","FAQ","template-011-dental-clinic"
"faq.html","FAQ","template-011-dental-clinic"
"index.html","FAQ","template-011-dental-clinic"
"portfolio.html","FAQ","template-011-dental-clinic"
"process.html","FAQ","template-011-dental-clinic"
"reviews.html","FAQ","template-011-dental-clinic"
"service-detail.html","FAQ","template-011-dental-clinic"
"services.html","FAQ","template-011-dental-clinic"
"about.html","FAQ","template-012-pet-grooming"
"blog-detail.html","FAQ","template-012-pet-grooming"
"blog.html","FAQ","template-012-pet-grooming"
"booking.html","FAQ","template-012-pet-grooming"
"contact.html","FAQ","template-012-pet-grooming"
"faq.html","FAQ","template-012-pet-grooming"
"index.html","FAQ","template-012-pet-grooming"
"portfolio.html","FAQ","template-012-pet-grooming"
"process.html","FAQ","template-012-pet-grooming"
"reviews.html","FAQ","template-012-pet-grooming"
"service-detail.html","FAQ","template-012-pet-grooming"
"services.html","FAQ","template-012-pet-grooming"
"about.html","FAQ","template-013-law-consulting"
"blog-detail.html","FAQ","template-013-law-consulting"
"blog.html","FAQ","template-013-law-consulting"
"booking.html","FAQ","template-013-law-consulting"
"contact.html","FAQ","template-013-law-consulting"
"faq.html","FAQ","template-013-law-consulting"
"index.html","FAQ","template-013-law-consulting"
"portfolio.html","FAQ","template-013-law-consulting"
"process.html","FAQ","template-013-law-consulting"
"reviews.html","FAQ","template-013-law-consulting"
"service-detail.html","FAQ","template-013-law-consulting"
"services.html","FAQ","template-013-law-consulting"
"about.html","FAQ","template-014-accounting-office"
"blog-detail.html","FAQ","template-014-accounting-office"
"blog.html","FAQ","template-014-accounting-office"
"booking.html","FAQ","template-014-accounting-office"
"contact.html","FAQ","template-014-accounting-office"
"faq.html","FAQ","template-014-accounting-office"
"index.html","FAQ","template-014-accounting-office"
"portfolio.html","FAQ","template-014-accounting-office"
"process.html","FAQ","template-014-accounting-office"
"reviews.html","FAQ","template-014-accounting-office"
"service-detail.html","FAQ","template-014-accounting-office"
"services.html","FAQ","template-014-accounting-office"
"about.html","FAQ","template-015-language-school"
"blog-detail.html","FAQ","template-015-language-school"
"blog.html","FAQ","template-015-language-school"
"booking.html","FAQ","template-015-language-school"
"contact.html","FAQ","template-015-language-school"
"faq.html","FAQ","template-015-language-school"
"index.html","FAQ","template-015-language-school"
"portfolio.html","FAQ","template-015-language-school"
"process.html","FAQ","template-015-language-school"
"reviews.html","FAQ","template-015-language-school"
"service-detail.html","FAQ","template-015-language-school"
"services.html","FAQ","template-015-language-school"
"about.html","FAQ","template-016-kindergarten"
"blog-detail.html","FAQ","template-016-kindergarten"
"blog.html","FAQ","template-016-kindergarten"
"booking.html","FAQ","template-016-kindergarten"
"contact.html","FAQ","template-016-kindergarten"
"faq.html","FAQ","template-016-kindergarten"
"index.html","FAQ","template-016-kindergarten"
"portfolio.html","FAQ","template-016-kindergarten"
"process.html","FAQ","template-016-kindergarten"
"reviews.html","FAQ","template-016-kindergarten"
"service-detail.html","FAQ","template-016-kindergarten"
"services.html","FAQ","template-016-kindergarten"
"about.html","FAQ","template-017-music-studio"
"blog-detail.html","FAQ","template-017-music-studio"
"blog.html","FAQ","template-017-music-studio"
"booking.html","FAQ","template-017-music-studio"
"contact.html","FAQ","template-017-music-studio"
"faq.html","FAQ","template-017-music-studio"
"index.html","FAQ","template-017-music-studio"
"portfolio.html","FAQ","template-017-music-studio"
"process.html","FAQ","template-017-music-studio"
"reviews.html","FAQ","template-017-music-studio"
"service-detail.html","FAQ","template-017-music-studio"
"services.html","FAQ","template-017-music-studio"
"about.html","FAQ","template-018-photography-studio"
"blog-detail.html","FAQ","template-018-photography-studio"
"blog.html","FAQ","template-018-photography-studio"
"booking.html","FAQ","template-018-photography-studio"
"contact.html","FAQ","template-018-photography-studio"
"faq.html","FAQ","template-018-photography-studio"
"index.html","FAQ","template-018-photography-studio"
"portfolio.html","FAQ","template-018-photography-studio"
"process.html","FAQ","template-018-photography-studio"
"reviews.html","FAQ","template-018-photography-studio"
"service-detail.html","FAQ","template-018-photography-studio"
"services.html","FAQ","template-018-photography-studio"
"about.html","FAQ","template-019-wedding-service"
"blog-detail.html","FAQ","template-019-wedding-service"
"blog.html","FAQ","template-019-wedding-service"
"booking.html","FAQ","template-019-wedding-service"
"contact.html","FAQ","template-019-wedding-service"
"faq.html","FAQ","template-019-wedding-service"
"index.html","FAQ","template-019-wedding-service"
"portfolio.html","FAQ","template-019-wedding-service"
"process.html","FAQ","template-019-wedding-service"
"reviews.html","FAQ","template-019-wedding-service"
"service-detail.html","FAQ","template-019-wedding-service"
"services.html","FAQ","template-019-wedding-service"
"about.html","FAQ","template-020-spa-massage"
"blog-detail.html","FAQ","template-020-spa-massage"
"blog.html","FAQ","template-020-spa-massage"
"booking.html","FAQ","template-020-spa-massage"
"contact.html","FAQ","template-020-spa-massage"
"faq.html","FAQ","template-020-spa-massage"
"index.html","FAQ","template-020-spa-massage"
"portfolio.html","FAQ","template-020-spa-massage"
"process.html","FAQ","template-020-spa-massage"
"reviews.html","FAQ","template-020-spa-massage"
"service-detail.html","FAQ","template-020-spa-massage"
"services.html","FAQ","template-020-spa-massage"
"about.html","FAQ","template-021-bakery-brand"
"blog-detail.html","FAQ","template-021-bakery-brand"
"blog.html","FAQ","template-021-bakery-brand"
"booking.html","FAQ","template-021-bakery-brand"
"contact.html","FAQ","template-021-bakery-brand"
"faq.html","FAQ","template-021-bakery-brand"
"index.html","FAQ","template-021-bakery-brand"
"portfolio.html","FAQ","template-021-bakery-brand"
"process.html","FAQ","template-021-bakery-brand"
"reviews.html","FAQ","template-021-bakery-brand"
"service-detail.html","FAQ","template-021-bakery-brand"
"services.html","FAQ","template-021-bakery-brand"
"about.html","FAQ","template-022-tea-brand"
"blog-detail.html","FAQ","template-022-tea-brand"
"blog.html","FAQ","template-022-tea-brand"
"booking.html","FAQ","template-022-tea-brand"
"contact.html","FAQ","template-022-tea-brand"
"faq.html","FAQ","template-022-tea-brand"
"index.html","FAQ","template-022-tea-brand"
"portfolio.html","FAQ","template-022-tea-brand"
"process.html","FAQ","template-022-tea-brand"
"reviews.html","FAQ","template-022-tea-brand"
"service-detail.html","FAQ","template-022-tea-brand"
"services.html","FAQ","template-022-tea-brand"
"about.html","FAQ","template-023-handmade-craft"
"blog-detail.html","FAQ","template-023-handmade-craft"
"blog.html","FAQ","template-023-handmade-craft"
"booking.html","FAQ","template-023-handmade-craft"
"contact.html","FAQ","template-023-handmade-craft"
"faq.html","FAQ","template-023-handmade-craft"
"index.html","FAQ","template-023-handmade-craft"
"portfolio.html","FAQ","template-023-handmade-craft"
"process.html","FAQ","template-023-handmade-craft"
"reviews.html","FAQ","template-023-handmade-craft"
"service-detail.html","FAQ","template-023-handmade-craft"
"services.html","FAQ","template-023-handmade-craft"
"about.html","FAQ","template-024-auto-detailing"
"blog-detail.html","FAQ","template-024-auto-detailing"
"blog.html","FAQ","template-024-auto-detailing"
"booking.html","FAQ","template-024-auto-detailing"
"contact.html","FAQ","template-024-auto-detailing"
"faq.html","FAQ","template-024-auto-detailing"
"index.html","FAQ","template-024-auto-detailing"
"portfolio.html","FAQ","template-024-auto-detailing"
"process.html","FAQ","template-024-auto-detailing"
"reviews.html","FAQ","template-024-auto-detailing"
"service-detail.html","FAQ","template-024-auto-detailing"
"services.html","FAQ","template-024-auto-detailing"
"about.html","FAQ","template-025-real-estate-agent"
"blog-detail.html","FAQ","template-025-real-estate-agent"
"blog.html","FAQ","template-025-real-estate-agent"
"booking.html","FAQ","template-025-real-estate-agent"
"contact.html","FAQ","template-025-real-estate-agent"
"faq.html","FAQ","template-025-real-estate-agent"
"index.html","FAQ","template-025-real-estate-agent"
"portfolio.html","FAQ","template-025-real-estate-agent"
"process.html","FAQ","template-025-real-estate-agent"
"reviews.html","FAQ","template-025-real-estate-agent"
"service-detail.html","FAQ","template-025-real-estate-agent"
"services.html","FAQ","template-025-real-estate-agent"
"about.html","FAQ","template-026-cleaning-service"
"blog-detail.html","FAQ","template-026-cleaning-service"
"blog.html","FAQ","template-026-cleaning-service"
"booking.html","FAQ","template-026-cleaning-service"
"contact.html","FAQ","template-026-cleaning-service"
"faq.html","FAQ","template-026-cleaning-service"
"index.html","FAQ","template-026-cleaning-service"
"portfolio.html","FAQ","template-026-cleaning-service"
"process.html","FAQ","template-026-cleaning-service"
"reviews.html","FAQ","template-026-cleaning-service"
"service-detail.html","FAQ","template-026-cleaning-service"
"services.html","FAQ","template-026-cleaning-service"
"about.html","FAQ","template-027-repair-service"
"blog-detail.html","FAQ","template-027-repair-service"
"blog.html","FAQ","template-027-repair-service"
"booking.html","FAQ","template-027-repair-service"
"contact.html","FAQ","template-027-repair-service"
"faq.html","FAQ","template-027-repair-service"
"index.html","FAQ","template-027-repair-service"
"portfolio.html","FAQ","template-027-repair-service"
"process.html","FAQ","template-027-repair-service"
"reviews.html","FAQ","template-027-repair-service"
"service-detail.html","FAQ","template-027-repair-service"
"services.html","FAQ","template-027-repair-service"
"about.html","FAQ","template-028-travel-agency"
"blog-detail.html","FAQ","template-028-travel-agency"
"blog.html","FAQ","template-028-travel-agency"
"booking.html","FAQ","template-028-travel-agency"
"contact.html","FAQ","template-028-travel-agency"
"faq.html","FAQ","template-028-travel-agency"
"index.html","FAQ","template-028-travel-agency"
"portfolio.html","FAQ","template-028-travel-agency"
"process.html","FAQ","template-028-travel-agency"
"reviews.html","FAQ","template-028-travel-agency"
"service-detail.html","FAQ","template-028-travel-agency"
"services.html","FAQ","template-028-travel-agency"
"about.html","FAQ","template-029-hotel-bnb"
"blog-detail.html","FAQ","template-029-hotel-bnb"
"blog.html","FAQ","template-029-hotel-bnb"
"booking.html","FAQ","template-029-hotel-bnb"
"contact.html","FAQ","template-029-hotel-bnb"
"faq.html","FAQ","template-029-hotel-bnb"
"index.html","FAQ","template-029-hotel-bnb"
"portfolio.html","FAQ","template-029-hotel-bnb"
"process.html","FAQ","template-029-hotel-bnb"
"reviews.html","FAQ","template-029-hotel-bnb"
"service-detail.html","FAQ","template-029-hotel-bnb"
"services.html","FAQ","template-029-hotel-bnb"
"about.html","FAQ","template-030-farm-organic"
"about.html","Line詢問","template-030-farm-organic"
"blog-detail.html","FAQ","template-030-farm-organic"
"blog-detail.html","Line詢問","template-030-farm-organic"
"blog.html","FAQ","template-030-farm-organic"
"blog.html","Line詢問","template-030-farm-organic"
"booking.html","FAQ","template-030-farm-organic"
"booking.html","Line詢問","template-030-farm-organic"
"contact.html","FAQ","template-030-farm-organic"
"contact.html","Line詢問","template-030-farm-organic"
"faq.html","FAQ","template-030-farm-organic"
"faq.html","Line詢問","template-030-farm-organic"
"index.html","FAQ","template-030-farm-organic"
"index.html","Line詢問","template-030-farm-organic"
"portfolio.html","FAQ","template-030-farm-organic"
"portfolio.html","Line詢問","template-030-farm-organic"
"process.html","FAQ","template-030-farm-organic"
"process.html","Line詢問","template-030-farm-organic"
"reviews.html","FAQ","template-030-farm-organic"
"reviews.html","Line詢問","template-030-farm-organic"
"service-detail.html","FAQ","template-030-farm-organic"
"service-detail.html","Line詢問","template-030-farm-organic"
"services.html","FAQ","template-030-farm-organic"
"services.html","Line詢問","template-030-farm-organic"
"about.html","Drinks","template-061-bar-lounge"
"about.html","Events","template-061-bar-lounge"
"about.html","FAQ","template-061-bar-lounge"
"blog-detail.html","Drinks","template-061-bar-lounge"
"blog-detail.html","Events","template-061-bar-lounge"
"blog-detail.html","FAQ","template-061-bar-lounge"
"blog.html","Drinks","template-061-bar-lounge"
"blog.html","Events","template-061-bar-lounge"
"blog.html","FAQ","template-061-bar-lounge"
"booking.html","Drinks","template-061-bar-lounge"
"booking.html","Events","template-061-bar-lounge"
"booking.html","FAQ","template-061-bar-lounge"
"contact.html","Drinks","template-061-bar-lounge"
"contact.html","Events","template-061-bar-lounge"
"contact.html","FAQ","template-061-bar-lounge"
"faq.html","Drinks","template-061-bar-lounge"
"faq.html","Events","template-061-bar-lounge"
"faq.html","FAQ","template-061-bar-lounge"
"index.html","Drinks","template-061-bar-lounge"
"index.html","Events","template-061-bar-lounge"
"index.html","FAQ","template-061-bar-lounge"
"portfolio.html","Drinks","template-061-bar-lounge"
"portfolio.html","Events","template-061-bar-lounge"
"portfolio.html","FAQ","template-061-bar-lounge"
"process.html","Drinks","template-061-bar-lounge"
"process.html","Events","template-061-bar-lounge"
"process.html","FAQ","template-061-bar-lounge"
"reviews.html","Drinks","template-061-bar-lounge"
"reviews.html","Events","template-061-bar-lounge"
"reviews.html","FAQ","template-061-bar-lounge"
"service-detail.html","Drinks","template-061-bar-lounge"
"service-detail.html","Events","template-061-bar-lounge"
"service-detail.html","FAQ","template-061-bar-lounge"
"services.html","Drinks","template-061-bar-lounge"
"services.html","Events","template-061-bar-lounge"
"services.html","FAQ","template-061-bar-lounge"
"about.html","Menu","template-062-brunch-cafe"
"about.html","Gallery","template-062-brunch-cafe"
"about.html","FAQ","template-062-brunch-cafe"
"blog-detail.html","Menu","template-062-brunch-cafe"
"blog-detail.html","Gallery","template-062-brunch-cafe"
"blog-detail.html","FAQ","template-062-brunch-cafe"
"blog.html","Menu","template-062-brunch-cafe"
"blog.html","Gallery","template-062-brunch-cafe"
"blog.html","FAQ","template-062-brunch-cafe"
"booking.html","Menu","template-062-brunch-cafe"
"booking.html","Gallery","template-062-brunch-cafe"
"booking.html","FAQ","template-062-brunch-cafe"
"contact.html","Menu","template-062-brunch-cafe"
"contact.html","Gallery","template-062-brunch-cafe"
"contact.html","FAQ","template-062-brunch-cafe"
"faq.html","Menu","template-062-brunch-cafe"
"faq.html","Gallery","template-062-brunch-cafe"
"faq.html","FAQ","template-062-brunch-cafe"
"index.html","Menu","template-062-brunch-cafe"
"index.html","Gallery","template-062-brunch-cafe"
"index.html","FAQ","template-062-brunch-cafe"
"portfolio.html","Menu","template-062-brunch-cafe"
"portfolio.html","Gallery","template-062-brunch-cafe"
"portfolio.html","FAQ","template-062-brunch-cafe"
"process.html","Menu","template-062-brunch-cafe"
"process.html","Gallery","template-062-brunch-cafe"
"process.html","FAQ","template-062-brunch-cafe"
"reviews.html","Menu","template-062-brunch-cafe"
"reviews.html","Gallery","template-062-brunch-cafe"
"reviews.html","FAQ","template-062-brunch-cafe"
"service-detail.html","Menu","template-062-brunch-cafe"
"service-detail.html","Gallery","template-062-brunch-cafe"
"service-detail.html","FAQ","template-062-brunch-cafe"
"services.html","Menu","template-062-brunch-cafe"
"services.html","Gallery","template-062-brunch-cafe"
"services.html","FAQ","template-062-brunch-cafe"
"about.html","Menu","template-063-japanese-restaurant"
"about.html","Story","template-063-japanese-restaurant"
"about.html","FAQ","template-063-japanese-restaurant"
"blog-detail.html","Menu","template-063-japanese-restaurant"
"blog-detail.html","Story","template-063-japanese-restaurant"
"blog-detail.html","FAQ","template-063-japanese-restaurant"
"blog.html","Menu","template-063-japanese-restaurant"
"blog.html","Story","template-063-japanese-restaurant"
"blog.html","FAQ","template-063-japanese-restaurant"
"booking.html","Menu","template-063-japanese-restaurant"
"booking.html","Story","template-063-japanese-restaurant"
"booking.html","FAQ","template-063-japanese-restaurant"
"contact.html","Menu","template-063-japanese-restaurant"
"contact.html","Story","template-063-japanese-restaurant"
"contact.html","FAQ","template-063-japanese-restaurant"
"faq.html","Menu","template-063-japanese-restaurant"
"faq.html","Story","template-063-japanese-restaurant"
"faq.html","FAQ","template-063-japanese-restaurant"
"index.html","Menu","template-063-japanese-restaurant"
"index.html","Story","template-063-japanese-restaurant"
"index.html","FAQ","template-063-japanese-restaurant"
"portfolio.html","Menu","template-063-japanese-restaurant"
"portfolio.html","Story","template-063-japanese-restaurant"
"portfolio.html","FAQ","template-063-japanese-restaurant"
"process.html","Menu","template-063-japanese-restaurant"
"process.html","Story","template-063-japanese-restaurant"
"process.html","FAQ","template-063-japanese-restaurant"
"reviews.html","Menu","template-063-japanese-restaurant"
"reviews.html","Story","template-063-japanese-restaurant"
"reviews.html","FAQ","template-063-japanese-restaurant"
"service-detail.html","Menu","template-063-japanese-restaurant"
"service-detail.html","Story","template-063-japanese-restaurant"
"service-detail.html","FAQ","template-063-japanese-restaurant"
"services.html","Menu","template-063-japanese-restaurant"
"services.html","Story","template-063-japanese-restaurant"
"services.html","FAQ","template-063-japanese-restaurant"
"about.html","Menu","template-064-hotpot-restaurant"
"about.html","Gallery","template-064-hotpot-restaurant"
"about.html","FAQ","template-064-hotpot-restaurant"
"blog-detail.html","Menu","template-064-hotpot-restaurant"
"blog-detail.html","Gallery","template-064-hotpot-restaurant"
"blog-detail.html","FAQ","template-064-hotpot-restaurant"
"blog.html","Menu","template-064-hotpot-restaurant"
"blog.html","Gallery","template-064-hotpot-restaurant"
"blog.html","FAQ","template-064-hotpot-restaurant"
"booking.html","Menu","template-064-hotpot-restaurant"
"booking.html","Gallery","template-064-hotpot-restaurant"
"booking.html","FAQ","template-064-hotpot-restaurant"
"contact.html","Menu","template-064-hotpot-restaurant"
"contact.html","Gallery","template-064-hotpot-restaurant"
"contact.html","FAQ","template-064-hotpot-restaurant"
"faq.html","Menu","template-064-hotpot-restaurant"
"faq.html","Gallery","template-064-hotpot-restaurant"
"faq.html","FAQ","template-064-hotpot-restaurant"
"index.html","Menu","template-064-hotpot-restaurant"
"index.html","Gallery","template-064-hotpot-restaurant"
"index.html","FAQ","template-064-hotpot-restaurant"
"portfolio.html","Menu","template-064-hotpot-restaurant"
"portfolio.html","Gallery","template-064-hotpot-restaurant"
"portfolio.html","FAQ","template-064-hotpot-restaurant"
"process.html","Menu","template-064-hotpot-restaurant"
"process.html","Gallery","template-064-hotpot-restaurant"
"process.html","FAQ","template-064-hotpot-restaurant"
"reviews.html","Menu","template-064-hotpot-restaurant"
"reviews.html","Gallery","template-064-hotpot-restaurant"
"reviews.html","FAQ","template-064-hotpot-restaurant"
"service-detail.html","Menu","template-064-hotpot-restaurant"
"service-detail.html","Gallery","template-064-hotpot-restaurant"
"service-detail.html","FAQ","template-064-hotpot-restaurant"
"services.html","Menu","template-064-hotpot-restaurant"
"services.html","Gallery","template-064-hotpot-restaurant"
"services.html","FAQ","template-064-hotpot-restaurant"
"about.html","Cakes","template-065-dessert-studio"
"about.html","Creations","template-065-dessert-studio"
"about.html","FAQ","template-065-dessert-studio"
"blog-detail.html","Cakes","template-065-dessert-studio"
"blog-detail.html","Creations","template-065-dessert-studio"
"blog-detail.html","FAQ","template-065-dessert-studio"
"blog.html","Cakes","template-065-dessert-studio"
"blog.html","Creations","template-065-dessert-studio"
"blog.html","FAQ","template-065-dessert-studio"
"booking.html","Cakes","template-065-dessert-studio"
"booking.html","Creations","template-065-dessert-studio"
"booking.html","FAQ","template-065-dessert-studio"
"contact.html","Cakes","template-065-dessert-studio"
"contact.html","Creations","template-065-dessert-studio"
"contact.html","FAQ","template-065-dessert-studio"
"faq.html","Cakes","template-065-dessert-studio"
"faq.html","Creations","template-065-dessert-studio"
"faq.html","FAQ","template-065-dessert-studio"
"index.html","Cakes","template-065-dessert-studio"
"index.html","Creations","template-065-dessert-studio"
"index.html","FAQ","template-065-dessert-studio"
"portfolio.html","Cakes","template-065-dessert-studio"
"portfolio.html","Creations","template-065-dessert-studio"
"portfolio.html","FAQ","template-065-dessert-studio"
"process.html","Cakes","template-065-dessert-studio"
"process.html","Creations","template-065-dessert-studio"
"process.html","FAQ","template-065-dessert-studio"
"reviews.html","Cakes","template-065-dessert-studio"
"reviews.html","Creations","template-065-dessert-studio"
"reviews.html","FAQ","template-065-dessert-studio"
"service-detail.html","Cakes","template-065-dessert-studio"
"service-detail.html","Creations","template-065-dessert-studio"
"service-detail.html","FAQ","template-065-dessert-studio"
"services.html","Cakes","template-065-dessert-studio"
"services.html","Creations","template-065-dessert-studio"
"services.html","FAQ","template-065-dessert-studio"
"about.html","Collections","template-066-fragrance-brand"
"about.html","Story","template-066-fragrance-brand"
"about.html","FAQ","template-066-fragrance-brand"
"blog-detail.html","Collections","template-066-fragrance-brand"
"blog-detail.html","Story","template-066-fragrance-brand"
"blog-detail.html","FAQ","template-066-fragrance-brand"
"blog.html","Collections","template-066-fragrance-brand"
"blog.html","Story","template-066-fragrance-brand"
"blog.html","FAQ","template-066-fragrance-brand"
"booking.html","Collections","template-066-fragrance-brand"
"booking.html","Story","template-066-fragrance-brand"
"booking.html","FAQ","template-066-fragrance-brand"
"contact.html","Collections","template-066-fragrance-brand"
"contact.html","Story","template-066-fragrance-brand"
"contact.html","FAQ","template-066-fragrance-brand"
"faq.html","Collections","template-066-fragrance-brand"
"faq.html","Story","template-066-fragrance-brand"
"faq.html","FAQ","template-066-fragrance-brand"
"index.html","Collections","template-066-fragrance-brand"
"index.html","Story","template-066-fragrance-brand"
"index.html","FAQ","template-066-fragrance-brand"
"portfolio.html","Collections","template-066-fragrance-brand"
"portfolio.html","Story","template-066-fragrance-brand"
"portfolio.html","FAQ","template-066-fragrance-brand"
"process.html","Collections","template-066-fragrance-brand"
"process.html","Story","template-066-fragrance-brand"
"process.html","FAQ","template-066-fragrance-brand"
"reviews.html","Collections","template-066-fragrance-brand"
"reviews.html","Story","template-066-fragrance-brand"
"reviews.html","FAQ","template-066-fragrance-brand"
"service-detail.html","Collections","template-066-fragrance-brand"
"service-detail.html","Story","template-066-fragrance-brand"
"service-detail.html","FAQ","template-066-fragrance-brand"
"services.html","Collections","template-066-fragrance-brand"
"services.html","Story","template-066-fragrance-brand"
"services.html","FAQ","template-066-fragrance-brand"
"about.html","Collections","template-067-furniture-brand"
"about.html","Spaces","template-067-furniture-brand"
"about.html","FAQ","template-067-furniture-brand"
"blog-detail.html","Collections","template-067-furniture-brand"
"blog-detail.html","Spaces","template-067-furniture-brand"
"blog-detail.html","FAQ","template-067-furniture-brand"
"blog.html","Collections","template-067-furniture-brand"
"blog.html","Spaces","template-067-furniture-brand"
"blog.html","FAQ","template-067-furniture-brand"
"booking.html","Collections","template-067-furniture-brand"
"booking.html","Spaces","template-067-furniture-brand"
"booking.html","FAQ","template-067-furniture-brand"
"contact.html","Collections","template-067-furniture-brand"
"contact.html","Spaces","template-067-furniture-brand"
"contact.html","FAQ","template-067-furniture-brand"
"faq.html","Collections","template-067-furniture-brand"
"faq.html","Spaces","template-067-furniture-brand"
"faq.html","FAQ","template-067-furniture-brand"
"index.html","Collections","template-067-furniture-brand"
"index.html","Spaces","template-067-furniture-brand"
"index.html","FAQ","template-067-furniture-brand"
"portfolio.html","Collections","template-067-furniture-brand"
"portfolio.html","Spaces","template-067-furniture-brand"
"portfolio.html","FAQ","template-067-furniture-brand"
"process.html","Collections","template-067-furniture-brand"
"process.html","Spaces","template-067-furniture-brand"
"process.html","FAQ","template-067-furniture-brand"
"reviews.html","Collections","template-067-furniture-brand"
"reviews.html","Spaces","template-067-furniture-brand"
"reviews.html","FAQ","template-067-furniture-brand"
"service-detail.html","Collections","template-067-furniture-brand"
"service-detail.html","Spaces","template-067-furniture-brand"
"service-detail.html","FAQ","template-067-furniture-brand"
"services.html","Collections","template-067-furniture-brand"
"services.html","Spaces","template-067-furniture-brand"
"services.html","FAQ","template-067-furniture-brand"
"about.html","Shop","template-068-home-decor-select"
"about.html","Magazine","template-068-home-decor-select"
"about.html","FAQ","template-068-home-decor-select"
"blog-detail.html","Shop","template-068-home-decor-select"
"blog-detail.html","Magazine","template-068-home-decor-select"
"blog-detail.html","FAQ","template-068-home-decor-select"
"blog.html","Shop","template-068-home-decor-select"
"blog.html","Magazine","template-068-home-decor-select"
"blog.html","FAQ","template-068-home-decor-select"
"booking.html","Shop","template-068-home-decor-select"
"booking.html","Magazine","template-068-home-decor-select"
"booking.html","FAQ","template-068-home-decor-select"
"contact.html","Shop","template-068-home-decor-select"
"contact.html","Magazine","template-068-home-decor-select"
"contact.html","FAQ","template-068-home-decor-select"
"faq.html","Shop","template-068-home-decor-select"
"faq.html","Magazine","template-068-home-decor-select"
"faq.html","FAQ","template-068-home-decor-select"
"index.html","Shop","template-068-home-decor-select"
"index.html","Magazine","template-068-home-decor-select"
"index.html","FAQ","template-068-home-decor-select"
"portfolio.html","Shop","template-068-home-decor-select"
"portfolio.html","Magazine","template-068-home-decor-select"
"portfolio.html","FAQ","template-068-home-decor-select"
"process.html","Shop","template-068-home-decor-select"
"process.html","Magazine","template-068-home-decor-select"
"process.html","FAQ","template-068-home-decor-select"
"reviews.html","Shop","template-068-home-decor-select"
"reviews.html","Magazine","template-068-home-decor-select"
"reviews.html","FAQ","template-068-home-decor-select"
"service-detail.html","Shop","template-068-home-decor-select"
"service-detail.html","Magazine","template-068-home-decor-select"
"service-detail.html","FAQ","template-068-home-decor-select"
"services.html","Shop","template-068-home-decor-select"
"services.html","Magazine","template-068-home-decor-select"
"services.html","FAQ","template-068-home-decor-select"
"about.html","Plants","template-069-garden-plants"
"about.html","Garden","template-069-garden-plants"
"about.html","FAQ","template-069-garden-plants"
"blog-detail.html","Plants","template-069-garden-plants"
"blog-detail.html","Garden","template-069-garden-plants"
"blog-detail.html","FAQ","template-069-garden-plants"
"blog.html","Plants","template-069-garden-plants"
"blog.html","Garden","template-069-garden-plants"
"blog.html","FAQ","template-069-garden-plants"
"booking.html","Plants","template-069-garden-plants"
"booking.html","Garden","template-069-garden-plants"
"booking.html","FAQ","template-069-garden-plants"
"contact.html","Plants","template-069-garden-plants"
"contact.html","Garden","template-069-garden-plants"
"contact.html","FAQ","template-069-garden-plants"
"faq.html","Plants","template-069-garden-plants"
"faq.html","Garden","template-069-garden-plants"
"faq.html","FAQ","template-069-garden-plants"
"index.html","Plants","template-069-garden-plants"
"index.html","Garden","template-069-garden-plants"
"index.html","FAQ","template-069-garden-plants"
"portfolio.html","Plants","template-069-garden-plants"
"portfolio.html","Garden","template-069-garden-plants"
"portfolio.html","FAQ","template-069-garden-plants"
"process.html","Plants","template-069-garden-plants"
"process.html","Garden","template-069-garden-plants"
"process.html","FAQ","template-069-garden-plants"
"reviews.html","Plants","template-069-garden-plants"
"reviews.html","Garden","template-069-garden-plants"
"reviews.html","FAQ","template-069-garden-plants"
"service-detail.html","Plants","template-069-garden-plants"
"service-detail.html","Garden","template-069-garden-plants"
"service-detail.html","FAQ","template-069-garden-plants"
"services.html","Plants","template-069-garden-plants"
"services.html","Garden","template-069-garden-plants"
"services.html","FAQ","template-069-garden-plants"
"about.html","Products","template-070-pet-supplies"
"about.html","Gallery","template-070-pet-supplies"
"about.html","FAQ","template-070-pet-supplies"
"blog-detail.html","Products","template-070-pet-supplies"
"blog-detail.html","Gallery","template-070-pet-supplies"
"blog-detail.html","FAQ","template-070-pet-supplies"
"blog.html","Products","template-070-pet-supplies"
"blog.html","Gallery","template-070-pet-supplies"
"blog.html","FAQ","template-070-pet-supplies"
"booking.html","Products","template-070-pet-supplies"
"booking.html","Gallery","template-070-pet-supplies"
"booking.html","FAQ","template-070-pet-supplies"
"contact.html","Products","template-070-pet-supplies"
"contact.html","Gallery","template-070-pet-supplies"
"contact.html","FAQ","template-070-pet-supplies"
"faq.html","Products","template-070-pet-supplies"
"faq.html","Gallery","template-070-pet-supplies"
"faq.html","FAQ","template-070-pet-supplies"
"index.html","Products","template-070-pet-supplies"
"index.html","Gallery","template-070-pet-supplies"
"index.html","FAQ","template-070-pet-supplies"
"portfolio.html","Products","template-070-pet-supplies"
"portfolio.html","Gallery","template-070-pet-supplies"
"portfolio.html","FAQ","template-070-pet-supplies"
"process.html","Products","template-070-pet-supplies"
"process.html","Gallery","template-070-pet-supplies"
"process.html","FAQ","template-070-pet-supplies"
"reviews.html","Products","template-070-pet-supplies"
"reviews.html","Gallery","template-070-pet-supplies"
"reviews.html","FAQ","template-070-pet-supplies"
"service-detail.html","Products","template-070-pet-supplies"
"service-detail.html","Gallery","template-070-pet-supplies"
"service-detail.html","FAQ","template-070-pet-supplies"
"services.html","Products","template-070-pet-supplies"
"services.html","Gallery","template-070-pet-supplies"
"services.html","FAQ","template-070-pet-supplies"
"about.html","Activities","template-071-parent-child-space"
"about.html","Gallery","template-071-parent-child-space"
"about.html","FAQ","template-071-parent-child-space"
"blog-detail.html","Activities","template-071-parent-child-space"
"blog-detail.html","Gallery","template-071-parent-child-space"
"blog-detail.html","FAQ","template-071-parent-child-space"
"blog.html","Activities","template-071-parent-child-space"
"blog.html","Gallery","template-071-parent-child-space"
"blog.html","FAQ","template-071-parent-child-space"
"booking.html","Activities","template-071-parent-child-space"
"booking.html","Gallery","template-071-parent-child-space"
"booking.html","FAQ","template-071-parent-child-space"
"contact.html","Activities","template-071-parent-child-space"
"contact.html","Gallery","template-071-parent-child-space"
"contact.html","FAQ","template-071-parent-child-space"
"faq.html","Activities","template-071-parent-child-space"
"faq.html","Gallery","template-071-parent-child-space"
"faq.html","FAQ","template-071-parent-child-space"
"index.html","Activities","template-071-parent-child-space"
"index.html","Gallery","template-071-parent-child-space"
"index.html","FAQ","template-071-parent-child-space"
"portfolio.html","Activities","template-071-parent-child-space"
"portfolio.html","Gallery","template-071-parent-child-space"
"portfolio.html","FAQ","template-071-parent-child-space"
"process.html","Activities","template-071-parent-child-space"
"process.html","Gallery","template-071-parent-child-space"
"process.html","FAQ","template-071-parent-child-space"
"reviews.html","Activities","template-071-parent-child-space"
"reviews.html","Gallery","template-071-parent-child-space"
"reviews.html","FAQ","template-071-parent-child-space"
"service-detail.html","Activities","template-071-parent-child-space"
"service-detail.html","Gallery","template-071-parent-child-space"
"service-detail.html","FAQ","template-071-parent-child-space"
"services.html","Activities","template-071-parent-child-space"
"services.html","Gallery","template-071-parent-child-space"
"services.html","FAQ","template-071-parent-child-space"
"about.html","Toys","template-072-toy-store"
"about.html","Categories","template-072-toy-store"
"about.html","FAQ","template-072-toy-store"
"blog-detail.html","Toys","template-072-toy-store"
"blog-detail.html","Categories","template-072-toy-store"
"blog-detail.html","FAQ","template-072-toy-store"
"blog.html","Toys","template-072-toy-store"
"blog.html","Categories","template-072-toy-store"
"blog.html","FAQ","template-072-toy-store"
"booking.html","Toys","template-072-toy-store"
"booking.html","Categories","template-072-toy-store"
"booking.html","FAQ","template-072-toy-store"
"contact.html","Toys","template-072-toy-store"
"contact.html","Categories","template-072-toy-store"
"contact.html","FAQ","template-072-toy-store"
"faq.html","Toys","template-072-toy-store"
"faq.html","Categories","template-072-toy-store"
"faq.html","FAQ","template-072-toy-store"
"index.html","Toys","template-072-toy-store"
"index.html","Categories","template-072-toy-store"
"index.html","FAQ","template-072-toy-store"
"portfolio.html","Toys","template-072-toy-store"
"portfolio.html","Categories","template-072-toy-store"
"portfolio.html","FAQ","template-072-toy-store"
"process.html","Toys","template-072-toy-store"
"process.html","Categories","template-072-toy-store"
"process.html","FAQ","template-072-toy-store"
"reviews.html","Toys","template-072-toy-store"
"reviews.html","Categories","template-072-toy-store"
"reviews.html","FAQ","template-072-toy-store"
"service-detail.html","Toys","template-072-toy-store"
"service-detail.html","Categories","template-072-toy-store"
"service-detail.html","FAQ","template-072-toy-store"
"services.html","Toys","template-072-toy-store"
"services.html","Categories","template-072-toy-store"
"services.html","FAQ","template-072-toy-store"
"about.html","Products","template-073-stationery-store"
"about.html","Journal","template-073-stationery-store"
"about.html","FAQ","template-073-stationery-store"
"blog-detail.html","Products","template-073-stationery-store"
"blog-detail.html","Journal","template-073-stationery-store"
"blog-detail.html","FAQ","template-073-stationery-store"
"blog.html","Products","template-073-stationery-store"
"blog.html","Journal","template-073-stationery-store"
"blog.html","FAQ","template-073-stationery-store"
"booking.html","Products","template-073-stationery-store"
"booking.html","Journal","template-073-stationery-store"
"booking.html","FAQ","template-073-stationery-store"
"contact.html","Products","template-073-stationery-store"
"contact.html","Journal","template-073-stationery-store"
"contact.html","FAQ","template-073-stationery-store"
"faq.html","Products","template-073-stationery-store"
"faq.html","Journal","template-073-stationery-store"
"faq.html","FAQ","template-073-stationery-store"
"index.html","Products","template-073-stationery-store"
"index.html","Journal","template-073-stationery-store"
"index.html","FAQ","template-073-stationery-store"
"portfolio.html","Products","template-073-stationery-store"
"portfolio.html","Journal","template-073-stationery-store"
"portfolio.html","FAQ","template-073-stationery-store"
"process.html","Products","template-073-stationery-store"
"process.html","Journal","template-073-stationery-store"
"process.html","FAQ","template-073-stationery-store"
"reviews.html","Products","template-073-stationery-store"
"reviews.html","Journal","template-073-stationery-store"
"reviews.html","FAQ","template-073-stationery-store"
"service-detail.html","Products","template-073-stationery-store"
"service-detail.html","Journal","template-073-stationery-store"
"service-detail.html","FAQ","template-073-stationery-store"
"services.html","Products","template-073-stationery-store"
"services.html","Journal","template-073-stationery-store"
"services.html","FAQ","template-073-stationery-store"
"about.html","Books","template-074-bookstore"
"about.html","Events","template-074-bookstore"
"about.html","FAQ","template-074-bookstore"
"blog-detail.html","Books","template-074-bookstore"
"blog-detail.html","Events","template-074-bookstore"
"blog-detail.html","FAQ","template-074-bookstore"
"blog.html","Books","template-074-bookstore"
"blog.html","Events","template-074-bookstore"
"blog.html","FAQ","template-074-bookstore"
"booking.html","Books","template-074-bookstore"
"booking.html","Events","template-074-bookstore"
"booking.html","FAQ","template-074-bookstore"
"contact.html","Books","template-074-bookstore"
"contact.html","Events","template-074-bookstore"
"contact.html","FAQ","template-074-bookstore"
"faq.html","Books","template-074-bookstore"
"faq.html","Events","template-074-bookstore"
"faq.html","FAQ","template-074-bookstore"
"index.html","Books","template-074-bookstore"
"index.html","Events","template-074-bookstore"
"index.html","FAQ","template-074-bookstore"
"portfolio.html","Books","template-074-bookstore"
"portfolio.html","Events","template-074-bookstore"
"portfolio.html","FAQ","template-074-bookstore"
"process.html","Books","template-074-bookstore"
"process.html","Events","template-074-bookstore"
"process.html","FAQ","template-074-bookstore"
"reviews.html","Books","template-074-bookstore"
"reviews.html","Events","template-074-bookstore"
"reviews.html","FAQ","template-074-bookstore"
"service-detail.html","Books","template-074-bookstore"
"service-detail.html","Events","template-074-bookstore"
"service-detail.html","FAQ","template-074-bookstore"
"services.html","Books","template-074-bookstore"
"services.html","Events","template-074-bookstore"
"services.html","FAQ","template-074-bookstore"
"about.html","Gear","template-075-camping-brand"
"about.html","Adventures","template-075-camping-brand"
"about.html","FAQ","template-075-camping-brand"
"blog-detail.html","Gear","template-075-camping-brand"
"blog-detail.html","Adventures","template-075-camping-brand"
"blog-detail.html","FAQ","template-075-camping-brand"
"blog.html","Gear","template-075-camping-brand"
"blog.html","Adventures","template-075-camping-brand"
"blog.html","FAQ","template-075-camping-brand"
"booking.html","Gear","template-075-camping-brand"
"booking.html","Adventures","template-075-camping-brand"
"booking.html","FAQ","template-075-camping-brand"
"contact.html","Gear","template-075-camping-brand"
"contact.html","Adventures","template-075-camping-brand"
"contact.html","FAQ","template-075-camping-brand"
"faq.html","Gear","template-075-camping-brand"
"faq.html","Adventures","template-075-camping-brand"
"faq.html","FAQ","template-075-camping-brand"
"index.html","Gear","template-075-camping-brand"
"index.html","Adventures","template-075-camping-brand"
"index.html","FAQ","template-075-camping-brand"
"portfolio.html","Gear","template-075-camping-brand"
"portfolio.html","Adventures","template-075-camping-brand"
"portfolio.html","FAQ","template-075-camping-brand"
"process.html","Gear","template-075-camping-brand"
"process.html","Adventures","template-075-camping-brand"
"process.html","FAQ","template-075-camping-brand"
"reviews.html","Gear","template-075-camping-brand"
"reviews.html","Adventures","template-075-camping-brand"
"reviews.html","FAQ","template-075-camping-brand"
"service-detail.html","Gear","template-075-camping-brand"
"service-detail.html","Adventures","template-075-camping-brand"
"service-detail.html","FAQ","template-075-camping-brand"
"services.html","Gear","template-075-camping-brand"
"services.html","Adventures","template-075-camping-brand"
"services.html","FAQ","template-075-camping-brand"
"about.html","Equipment","template-076-outdoor-equipment"
"about.html","Reviews","template-076-outdoor-equipment"
"about.html","FAQ","template-076-outdoor-equipment"
"blog-detail.html","Equipment","template-076-outdoor-equipment"
"blog-detail.html","Reviews","template-076-outdoor-equipment"
"blog-detail.html","FAQ","template-076-outdoor-equipment"
"blog.html","Equipment","template-076-outdoor-equipment"
"blog.html","Reviews","template-076-outdoor-equipment"
"blog.html","FAQ","template-076-outdoor-equipment"
"booking.html","Equipment","template-076-outdoor-equipment"
"booking.html","Reviews","template-076-outdoor-equipment"
"booking.html","FAQ","template-076-outdoor-equipment"
"contact.html","Equipment","template-076-outdoor-equipment"
"contact.html","Reviews","template-076-outdoor-equipment"
"contact.html","FAQ","template-076-outdoor-equipment"
"faq.html","Equipment","template-076-outdoor-equipment"
"faq.html","Reviews","template-076-outdoor-equipment"
"faq.html","FAQ","template-076-outdoor-equipment"
"index.html","Equipment","template-076-outdoor-equipment"
"index.html","Reviews","template-076-outdoor-equipment"
"index.html","FAQ","template-076-outdoor-equipment"
"portfolio.html","Equipment","template-076-outdoor-equipment"
"portfolio.html","Reviews","template-076-outdoor-equipment"
"portfolio.html","FAQ","template-076-outdoor-equipment"
"process.html","Equipment","template-076-outdoor-equipment"
"process.html","Reviews","template-076-outdoor-equipment"
"process.html","FAQ","template-076-outdoor-equipment"
"reviews.html","Equipment","template-076-outdoor-equipment"
"reviews.html","Reviews","template-076-outdoor-equipment"
"reviews.html","FAQ","template-076-outdoor-equipment"
"service-detail.html","Equipment","template-076-outdoor-equipment"
"service-detail.html","Reviews","template-076-outdoor-equipment"
"service-detail.html","FAQ","template-076-outdoor-equipment"
"services.html","Equipment","template-076-outdoor-equipment"
"services.html","Reviews","template-076-outdoor-equipment"
"services.html","FAQ","template-076-outdoor-equipment"
"about.html","Rooms","template-077-high-end-bnb"
"about.html","Gallery","template-077-high-end-bnb"
"about.html","FAQ","template-077-high-end-bnb"
"blog-detail.html","Rooms","template-077-high-end-bnb"
"blog-detail.html","Gallery","template-077-high-end-bnb"
"blog-detail.html","FAQ","template-077-high-end-bnb"
"blog.html","Rooms","template-077-high-end-bnb"
"blog.html","Gallery","template-077-high-end-bnb"
"blog.html","FAQ","template-077-high-end-bnb"
"booking.html","Rooms","template-077-high-end-bnb"
"booking.html","Gallery","template-077-high-end-bnb"
"booking.html","FAQ","template-077-high-end-bnb"
"contact.html","Rooms","template-077-high-end-bnb"
"contact.html","Gallery","template-077-high-end-bnb"
"contact.html","FAQ","template-077-high-end-bnb"
"faq.html","Rooms","template-077-high-end-bnb"
"faq.html","Gallery","template-077-high-end-bnb"
"faq.html","FAQ","template-077-high-end-bnb"
"index.html","Rooms","template-077-high-end-bnb"
"index.html","Gallery","template-077-high-end-bnb"
"index.html","FAQ","template-077-high-end-bnb"
"portfolio.html","Rooms","template-077-high-end-bnb"
"portfolio.html","Gallery","template-077-high-end-bnb"
"portfolio.html","FAQ","template-077-high-end-bnb"
"process.html","Rooms","template-077-high-end-bnb"
"process.html","Gallery","template-077-high-end-bnb"
"process.html","FAQ","template-077-high-end-bnb"
"reviews.html","Rooms","template-077-high-end-bnb"
"reviews.html","Gallery","template-077-high-end-bnb"
"reviews.html","FAQ","template-077-high-end-bnb"
"service-detail.html","Rooms","template-077-high-end-bnb"
"service-detail.html","Gallery","template-077-high-end-bnb"
"service-detail.html","FAQ","template-077-high-end-bnb"
"services.html","Rooms","template-077-high-end-bnb"
"services.html","Gallery","template-077-high-end-bnb"
"services.html","FAQ","template-077-high-end-bnb"
"about.html","Rooms","template-078-hot-spring-hotel"
"about.html","Onsen","template-078-hot-spring-hotel"
"about.html","FAQ","template-078-hot-spring-hotel"
"blog-detail.html","Rooms","template-078-hot-spring-hotel"
"blog-detail.html","Onsen","template-078-hot-spring-hotel"
"blog-detail.html","FAQ","template-078-hot-spring-hotel"
"blog.html","Rooms","template-078-hot-spring-hotel"
"blog.html","Onsen","template-078-hot-spring-hotel"
"blog.html","FAQ","template-078-hot-spring-hotel"
"booking.html","Rooms","template-078-hot-spring-hotel"
"booking.html","Onsen","template-078-hot-spring-hotel"
"booking.html","FAQ","template-078-hot-spring-hotel"
"contact.html","Rooms","template-078-hot-spring-hotel"
"contact.html","Onsen","template-078-hot-spring-hotel"
"contact.html","FAQ","template-078-hot-spring-hotel"
"faq.html","Rooms","template-078-hot-spring-hotel"
"faq.html","Onsen","template-078-hot-spring-hotel"
"faq.html","FAQ","template-078-hot-spring-hotel"
"index.html","Rooms","template-078-hot-spring-hotel"
"index.html","Onsen","template-078-hot-spring-hotel"
"index.html","FAQ","template-078-hot-spring-hotel"
"portfolio.html","Rooms","template-078-hot-spring-hotel"
"portfolio.html","Onsen","template-078-hot-spring-hotel"
"portfolio.html","FAQ","template-078-hot-spring-hotel"
"process.html","Rooms","template-078-hot-spring-hotel"
"process.html","Onsen","template-078-hot-spring-hotel"
"process.html","FAQ","template-078-hot-spring-hotel"
"reviews.html","Rooms","template-078-hot-spring-hotel"
"reviews.html","Onsen","template-078-hot-spring-hotel"
"reviews.html","FAQ","template-078-hot-spring-hotel"
"service-detail.html","Rooms","template-078-hot-spring-hotel"
"service-detail.html","Onsen","template-078-hot-spring-hotel"
"service-detail.html","FAQ","template-078-hot-spring-hotel"
"services.html","Rooms","template-078-hot-spring-hotel"
"services.html","Onsen","template-078-hot-spring-hotel"
"services.html","FAQ","template-078-hot-spring-hotel"
"about.html","Products","template-079-local-farm-brand"
"about.html","Story","template-079-local-farm-brand"
"about.html","FAQ","template-079-local-farm-brand"
"blog-detail.html","Products","template-079-local-farm-brand"
"blog-detail.html","Story","template-079-local-farm-brand"
"blog-detail.html","FAQ","template-079-local-farm-brand"
"blog.html","Products","template-079-local-farm-brand"
"blog.html","Story","template-079-local-farm-brand"
"blog.html","FAQ","template-079-local-farm-brand"
"booking.html","Products","template-079-local-farm-brand"
"booking.html","Story","template-079-local-farm-brand"
"booking.html","FAQ","template-079-local-farm-brand"
"contact.html","Products","template-079-local-farm-brand"
"contact.html","Story","template-079-local-farm-brand"
"contact.html","FAQ","template-079-local-farm-brand"
"faq.html","Products","template-079-local-farm-brand"
"faq.html","Story","template-079-local-farm-brand"
"faq.html","FAQ","template-079-local-farm-brand"
"index.html","Products","template-079-local-farm-brand"
"index.html","Story","template-079-local-farm-brand"
"index.html","FAQ","template-079-local-farm-brand"
"portfolio.html","Products","template-079-local-farm-brand"
"portfolio.html","Story","template-079-local-farm-brand"
"portfolio.html","FAQ","template-079-local-farm-brand"
"process.html","Products","template-079-local-farm-brand"
"process.html","Story","template-079-local-farm-brand"
"process.html","FAQ","template-079-local-farm-brand"
"reviews.html","Products","template-079-local-farm-brand"
"reviews.html","Story","template-079-local-farm-brand"
"reviews.html","FAQ","template-079-local-farm-brand"
"service-detail.html","Products","template-079-local-farm-brand"
"service-detail.html","Story","template-079-local-farm-brand"
"service-detail.html","FAQ","template-079-local-farm-brand"
"services.html","Products","template-079-local-farm-brand"
"services.html","Story","template-079-local-farm-brand"
"services.html","FAQ","template-079-local-farm-brand"
"about.html","Products","template-080-cultural-creative-brand"
"about.html","Stories","template-080-cultural-creative-brand"
"about.html","FAQ","template-080-cultural-creative-brand"
"blog-detail.html","Products","template-080-cultural-creative-brand"
"blog-detail.html","Stories","template-080-cultural-creative-brand"
"blog-detail.html","FAQ","template-080-cultural-creative-brand"
"blog.html","Products","template-080-cultural-creative-brand"
"blog.html","Stories","template-080-cultural-creative-brand"
"blog.html","FAQ","template-080-cultural-creative-brand"
"booking.html","Products","template-080-cultural-creative-brand"
"booking.html","Stories","template-080-cultural-creative-brand"
"booking.html","FAQ","template-080-cultural-creative-brand"
"contact.html","Products","template-080-cultural-creative-brand"
"contact.html","Stories","template-080-cultural-creative-brand"
"contact.html","FAQ","template-080-cultural-creative-brand"
"faq.html","Products","template-080-cultural-creative-brand"
"faq.html","Stories","template-080-cultural-creative-brand"
"faq.html","FAQ","template-080-cultural-creative-brand"
"index.html","Products","template-080-cultural-creative-brand"
"index.html","Stories","template-080-cultural-creative-brand"
"index.html","FAQ","template-080-cultural-creative-brand"
"portfolio.html","Products","template-080-cultural-creative-brand"
"portfolio.html","Stories","template-080-cultural-creative-brand"
"portfolio.html","FAQ","template-080-cultural-creative-brand"
"process.html","Products","template-080-cultural-creative-brand"
"process.html","Stories","template-080-cultural-creative-brand"
"process.html","FAQ","template-080-cultural-creative-brand"
"reviews.html","Products","template-080-cultural-creative-brand"
"reviews.html","Stories","template-080-cultural-creative-brand"
"reviews.html","FAQ","template-080-cultural-creative-brand"
"service-detail.html","Products","template-080-cultural-creative-brand"
"service-detail.html","Stories","template-080-cultural-creative-brand"
"service-detail.html","FAQ","template-080-cultural-creative-brand"
"services.html","Products","template-080-cultural-creative-brand"
"services.html","Stories","template-080-cultural-creative-brand"
"services.html","FAQ","template-080-cultural-creative-brand"
"about.html","Experiences","template-081-tea-experience"
"about.html","Gallery","template-081-tea-experience"
"about.html","FAQ","template-081-tea-experience"
"blog-detail.html","Experiences","template-081-tea-experience"
"blog-detail.html","Gallery","template-081-tea-experience"
"blog-detail.html","FAQ","template-081-tea-experience"
"blog.html","Experiences","template-081-tea-experience"
"blog.html","Gallery","template-081-tea-experience"
"blog.html","FAQ","template-081-tea-experience"
"booking.html","Experiences","template-081-tea-experience"
"booking.html","Gallery","template-081-tea-experience"
"booking.html","FAQ","template-081-tea-experience"
"contact.html","Experiences","template-081-tea-experience"
"contact.html","Gallery","template-081-tea-experience"
"contact.html","FAQ","template-081-tea-experience"
"faq.html","Experiences","template-081-tea-experience"
"faq.html","Gallery","template-081-tea-experience"
"faq.html","FAQ","template-081-tea-experience"
"index.html","Experiences","template-081-tea-experience"
"index.html","Gallery","template-081-tea-experience"
"index.html","FAQ","template-081-tea-experience"
"portfolio.html","Experiences","template-081-tea-experience"
"portfolio.html","Gallery","template-081-tea-experience"
"portfolio.html","FAQ","template-081-tea-experience"
"process.html","Experiences","template-081-tea-experience"
"process.html","Gallery","template-081-tea-experience"
"process.html","FAQ","template-081-tea-experience"
"reviews.html","Experiences","template-081-tea-experience"
"reviews.html","Gallery","template-081-tea-experience"
"reviews.html","FAQ","template-081-tea-experience"
"service-detail.html","Experiences","template-081-tea-experience"
"service-detail.html","Gallery","template-081-tea-experience"
"service-detail.html","FAQ","template-081-tea-experience"
"services.html","Experiences","template-081-tea-experience"
"services.html","Gallery","template-081-tea-experience"
"services.html","FAQ","template-081-tea-experience"
"about.html","Works","template-082-pottery-studio"
"about.html","Gallery","template-082-pottery-studio"
"about.html","FAQ","template-082-pottery-studio"
"blog-detail.html","Works","template-082-pottery-studio"
"blog-detail.html","Gallery","template-082-pottery-studio"
"blog-detail.html","FAQ","template-082-pottery-studio"
"blog.html","Works","template-082-pottery-studio"
"blog.html","Gallery","template-082-pottery-studio"
"blog.html","FAQ","template-082-pottery-studio"
"booking.html","Works","template-082-pottery-studio"
"booking.html","Gallery","template-082-pottery-studio"
"booking.html","FAQ","template-082-pottery-studio"
"contact.html","Works","template-082-pottery-studio"
"contact.html","Gallery","template-082-pottery-studio"
"contact.html","FAQ","template-082-pottery-studio"
"faq.html","Works","template-082-pottery-studio"
"faq.html","Gallery","template-082-pottery-studio"
"faq.html","FAQ","template-082-pottery-studio"
"index.html","Works","template-082-pottery-studio"
"index.html","Gallery","template-082-pottery-studio"
"index.html","FAQ","template-082-pottery-studio"
"portfolio.html","Works","template-082-pottery-studio"
"portfolio.html","Gallery","template-082-pottery-studio"
"portfolio.html","FAQ","template-082-pottery-studio"
"process.html","Works","template-082-pottery-studio"
"process.html","Gallery","template-082-pottery-studio"
"process.html","FAQ","template-082-pottery-studio"
"reviews.html","Works","template-082-pottery-studio"
"reviews.html","Gallery","template-082-pottery-studio"
"reviews.html","FAQ","template-082-pottery-studio"
"service-detail.html","Works","template-082-pottery-studio"
"service-detail.html","Gallery","template-082-pottery-studio"
"service-detail.html","FAQ","template-082-pottery-studio"
"services.html","Works","template-082-pottery-studio"
"services.html","Gallery","template-082-pottery-studio"
"services.html","FAQ","template-082-pottery-studio"
"about.html","Works","template-083-woodwork-studio"
"about.html","Gallery","template-083-woodwork-studio"
"about.html","FAQ","template-083-woodwork-studio"
"blog-detail.html","Works","template-083-woodwork-studio"
"blog-detail.html","Gallery","template-083-woodwork-studio"
"blog-detail.html","FAQ","template-083-woodwork-studio"
"blog.html","Works","template-083-woodwork-studio"
"blog.html","Gallery","template-083-woodwork-studio"
"blog.html","FAQ","template-083-woodwork-studio"
"booking.html","Works","template-083-woodwork-studio"
"booking.html","Gallery","template-083-woodwork-studio"
"booking.html","FAQ","template-083-woodwork-studio"
"contact.html","Works","template-083-woodwork-studio"
"contact.html","Gallery","template-083-woodwork-studio"
"contact.html","FAQ","template-083-woodwork-studio"
"faq.html","Works","template-083-woodwork-studio"
"faq.html","Gallery","template-083-woodwork-studio"
"faq.html","FAQ","template-083-woodwork-studio"
"index.html","Works","template-083-woodwork-studio"
"index.html","Gallery","template-083-woodwork-studio"
"index.html","FAQ","template-083-woodwork-studio"
"portfolio.html","Works","template-083-woodwork-studio"
"portfolio.html","Gallery","template-083-woodwork-studio"
"portfolio.html","FAQ","template-083-woodwork-studio"
"process.html","Works","template-083-woodwork-studio"
"process.html","Gallery","template-083-woodwork-studio"
"process.html","FAQ","template-083-woodwork-studio"
"reviews.html","Works","template-083-woodwork-studio"
"reviews.html","Gallery","template-083-woodwork-studio"
"reviews.html","FAQ","template-083-woodwork-studio"
"service-detail.html","Works","template-083-woodwork-studio"
"service-detail.html","Gallery","template-083-woodwork-studio"
"service-detail.html","FAQ","template-083-woodwork-studio"
"services.html","Works","template-083-woodwork-studio"
"services.html","Gallery","template-083-woodwork-studio"
"services.html","FAQ","template-083-woodwork-studio"
"about.html","Products","template-084-leather-craft"
"about.html","Custom","template-084-leather-craft"
"about.html","FAQ","template-084-leather-craft"
"blog-detail.html","Products","template-084-leather-craft"
"blog-detail.html","Custom","template-084-leather-craft"
"blog-detail.html","FAQ","template-084-leather-craft"
"blog.html","Products","template-084-leather-craft"
"blog.html","Custom","template-084-leather-craft"
"blog.html","FAQ","template-084-leather-craft"
"booking.html","Products","template-084-leather-craft"
"booking.html","Custom","template-084-leather-craft"
"booking.html","FAQ","template-084-leather-craft"
"contact.html","Products","template-084-leather-craft"
"contact.html","Custom","template-084-leather-craft"
"contact.html","FAQ","template-084-leather-craft"
"faq.html","Products","template-084-leather-craft"
"faq.html","Custom","template-084-leather-craft"
"faq.html","FAQ","template-084-leather-craft"
"index.html","Products","template-084-leather-craft"
"index.html","Custom","template-084-leather-craft"
"index.html","FAQ","template-084-leather-craft"
"portfolio.html","Products","template-084-leather-craft"
"portfolio.html","Custom","template-084-leather-craft"
"portfolio.html","FAQ","template-084-leather-craft"
"process.html","Products","template-084-leather-craft"
"process.html","Custom","template-084-leather-craft"
"process.html","FAQ","template-084-leather-craft"
"reviews.html","Products","template-084-leather-craft"
"reviews.html","Custom","template-084-leather-craft"
"reviews.html","FAQ","template-084-leather-craft"
"service-detail.html","Products","template-084-leather-craft"
"service-detail.html","Custom","template-084-leather-craft"
"service-detail.html","FAQ","template-084-leather-craft"
"services.html","Products","template-084-leather-craft"
"services.html","Custom","template-084-leather-craft"
"services.html","FAQ","template-084-leather-craft"
"about.html","Bikes","template-085-bicycle-shop"
"about.html","Service","template-085-bicycle-shop"
"about.html","FAQ","template-085-bicycle-shop"
"blog-detail.html","Bikes","template-085-bicycle-shop"
"blog-detail.html","Service","template-085-bicycle-shop"
"blog-detail.html","FAQ","template-085-bicycle-shop"
"blog.html","Bikes","template-085-bicycle-shop"
"blog.html","Service","template-085-bicycle-shop"
"blog.html","FAQ","template-085-bicycle-shop"
"booking.html","Bikes","template-085-bicycle-shop"
"booking.html","Service","template-085-bicycle-shop"
"booking.html","FAQ","template-085-bicycle-shop"
"contact.html","Bikes","template-085-bicycle-shop"
"contact.html","Service","template-085-bicycle-shop"
"contact.html","FAQ","template-085-bicycle-shop"
"faq.html","Bikes","template-085-bicycle-shop"
"faq.html","Service","template-085-bicycle-shop"
"faq.html","FAQ","template-085-bicycle-shop"
"index.html","Bikes","template-085-bicycle-shop"
"index.html","Service","template-085-bicycle-shop"
"index.html","FAQ","template-085-bicycle-shop"
"portfolio.html","Bikes","template-085-bicycle-shop"
"portfolio.html","Service","template-085-bicycle-shop"
"portfolio.html","FAQ","template-085-bicycle-shop"
"process.html","Bikes","template-085-bicycle-shop"
"process.html","Service","template-085-bicycle-shop"
"process.html","FAQ","template-085-bicycle-shop"
"reviews.html","Bikes","template-085-bicycle-shop"
"reviews.html","Service","template-085-bicycle-shop"
"reviews.html","FAQ","template-085-bicycle-shop"
"service-detail.html","Bikes","template-085-bicycle-shop"
"service-detail.html","Service","template-085-bicycle-shop"
"service-detail.html","FAQ","template-085-bicycle-shop"
"services.html","Bikes","template-085-bicycle-shop"
"services.html","Service","template-085-bicycle-shop"
"services.html","FAQ","template-085-bicycle-shop"
"about.html","Lessons","template-086-surf-school"
"about.html","Gallery","template-086-surf-school"
"about.html","FAQ","template-086-surf-school"
"blog-detail.html","Lessons","template-086-surf-school"
"blog-detail.html","Gallery","template-086-surf-school"
"blog-detail.html","FAQ","template-086-surf-school"
"blog.html","Lessons","template-086-surf-school"
"blog.html","Gallery","template-086-surf-school"
"blog.html","FAQ","template-086-surf-school"
"booking.html","Lessons","template-086-surf-school"
"booking.html","Gallery","template-086-surf-school"
"booking.html","FAQ","template-086-surf-school"
"contact.html","Lessons","template-086-surf-school"
"contact.html","Gallery","template-086-surf-school"
"contact.html","FAQ","template-086-surf-school"
"faq.html","Lessons","template-086-surf-school"
"faq.html","Gallery","template-086-surf-school"
"faq.html","FAQ","template-086-surf-school"
"index.html","Lessons","template-086-surf-school"
"index.html","Gallery","template-086-surf-school"
"index.html","FAQ","template-086-surf-school"
"portfolio.html","Lessons","template-086-surf-school"
"portfolio.html","Gallery","template-086-surf-school"
"portfolio.html","FAQ","template-086-surf-school"
"process.html","Lessons","template-086-surf-school"
"process.html","Gallery","template-086-surf-school"
"process.html","FAQ","template-086-surf-school"
"reviews.html","Lessons","template-086-surf-school"
"reviews.html","Gallery","template-086-surf-school"
"reviews.html","FAQ","template-086-surf-school"
"service-detail.html","Lessons","template-086-surf-school"
"service-detail.html","Gallery","template-086-surf-school"
"service-detail.html","FAQ","template-086-surf-school"
"services.html","Lessons","template-086-surf-school"
"services.html","Gallery","template-086-surf-school"
"services.html","FAQ","template-086-surf-school"
"about.html","Classes","template-087-dance-studio"
"about.html","Shows","template-087-dance-studio"
"about.html","FAQ","template-087-dance-studio"
"blog-detail.html","Classes","template-087-dance-studio"
"blog-detail.html","Shows","template-087-dance-studio"
"blog-detail.html","FAQ","template-087-dance-studio"
"blog.html","Classes","template-087-dance-studio"
"blog.html","Shows","template-087-dance-studio"
"blog.html","FAQ","template-087-dance-studio"
"booking.html","Classes","template-087-dance-studio"
"booking.html","Shows","template-087-dance-studio"
"booking.html","FAQ","template-087-dance-studio"
"contact.html","Classes","template-087-dance-studio"
"contact.html","Shows","template-087-dance-studio"
"contact.html","FAQ","template-087-dance-studio"
"faq.html","Classes","template-087-dance-studio"
"faq.html","Shows","template-087-dance-studio"
"faq.html","FAQ","template-087-dance-studio"
"index.html","Classes","template-087-dance-studio"
"index.html","Shows","template-087-dance-studio"
"index.html","FAQ","template-087-dance-studio"
"portfolio.html","Classes","template-087-dance-studio"
"portfolio.html","Shows","template-087-dance-studio"
"portfolio.html","FAQ","template-087-dance-studio"
"process.html","Classes","template-087-dance-studio"
"process.html","Shows","template-087-dance-studio"
"process.html","FAQ","template-087-dance-studio"
"reviews.html","Classes","template-087-dance-studio"
"reviews.html","Shows","template-087-dance-studio"
"reviews.html","FAQ","template-087-dance-studio"
"service-detail.html","Classes","template-087-dance-studio"
"service-detail.html","Shows","template-087-dance-studio"
"service-detail.html","FAQ","template-087-dance-studio"
"services.html","Classes","template-087-dance-studio"
"services.html","Shows","template-087-dance-studio"
"services.html","FAQ","template-087-dance-studio"
"about.html","Classes","template-088-cooking-class"
"about.html","Menu","template-088-cooking-class"
"about.html","FAQ","template-088-cooking-class"
"blog-detail.html","Classes","template-088-cooking-class"
"blog-detail.html","Menu","template-088-cooking-class"
"blog-detail.html","FAQ","template-088-cooking-class"
"blog.html","Classes","template-088-cooking-class"
"blog.html","Menu","template-088-cooking-class"
"blog.html","FAQ","template-088-cooking-class"
"booking.html","Classes","template-088-cooking-class"
"booking.html","Menu","template-088-cooking-class"
"booking.html","FAQ","template-088-cooking-class"
"contact.html","Classes","template-088-cooking-class"
"contact.html","Menu","template-088-cooking-class"
"contact.html","FAQ","template-088-cooking-class"
"faq.html","Classes","template-088-cooking-class"
"faq.html","Menu","template-088-cooking-class"
"faq.html","FAQ","template-088-cooking-class"
"index.html","Classes","template-088-cooking-class"
"index.html","Menu","template-088-cooking-class"
"index.html","FAQ","template-088-cooking-class"
"portfolio.html","Classes","template-088-cooking-class"
"portfolio.html","Menu","template-088-cooking-class"
"portfolio.html","FAQ","template-088-cooking-class"
"process.html","Classes","template-088-cooking-class"
"process.html","Menu","template-088-cooking-class"
"process.html","FAQ","template-088-cooking-class"
"reviews.html","Classes","template-088-cooking-class"
"reviews.html","Menu","template-088-cooking-class"
"reviews.html","FAQ","template-088-cooking-class"
"service-detail.html","Classes","template-088-cooking-class"
"service-detail.html","Menu","template-088-cooking-class"
"service-detail.html","FAQ","template-088-cooking-class"
"services.html","Classes","template-088-cooking-class"
"services.html","Menu","template-088-cooking-class"
"services.html","FAQ","template-088-cooking-class"
"about.html","Comics","template-089-comic-culture-shop"
"about.html","Events","template-089-comic-culture-shop"
"about.html","FAQ","template-089-comic-culture-shop"
"blog-detail.html","Comics","template-089-comic-culture-shop"
"blog-detail.html","Events","template-089-comic-culture-shop"
"blog-detail.html","FAQ","template-089-comic-culture-shop"
"blog.html","Comics","template-089-comic-culture-shop"
"blog.html","Events","template-089-comic-culture-shop"
"blog.html","FAQ","template-089-comic-culture-shop"
"booking.html","Comics","template-089-comic-culture-shop"
"booking.html","Events","template-089-comic-culture-shop"
"booking.html","FAQ","template-089-comic-culture-shop"
"contact.html","Comics","template-089-comic-culture-shop"
"contact.html","Events","template-089-comic-culture-shop"
"contact.html","FAQ","template-089-comic-culture-shop"
"faq.html","Comics","template-089-comic-culture-shop"
"faq.html","Events","template-089-comic-culture-shop"
"faq.html","FAQ","template-089-comic-culture-shop"
"index.html","Comics","template-089-comic-culture-shop"
"index.html","Events","template-089-comic-culture-shop"
"index.html","FAQ","template-089-comic-culture-shop"
"portfolio.html","Comics","template-089-comic-culture-shop"
"portfolio.html","Events","template-089-comic-culture-shop"
"portfolio.html","FAQ","template-089-comic-culture-shop"
"process.html","Comics","template-089-comic-culture-shop"
"process.html","Events","template-089-comic-culture-shop"
"process.html","FAQ","template-089-comic-culture-shop"
"reviews.html","Comics","template-089-comic-culture-shop"
"reviews.html","Events","template-089-comic-culture-shop"
"reviews.html","FAQ","template-089-comic-culture-shop"
"service-detail.html","Comics","template-089-comic-culture-shop"
"service-detail.html","Events","template-089-comic-culture-shop"
"service-detail.html","FAQ","template-089-comic-culture-shop"
"services.html","Comics","template-089-comic-culture-shop"
"services.html","Events","template-089-comic-culture-shop"
"services.html","FAQ","template-089-comic-culture-shop"
"about.html","Gifts","template-090-gift-shop"
"about.html","Occasions","template-090-gift-shop"
"about.html","FAQ","template-090-gift-shop"
"blog-detail.html","Gifts","template-090-gift-shop"
"blog-detail.html","Occasions","template-090-gift-shop"
"blog-detail.html","FAQ","template-090-gift-shop"
"blog.html","Gifts","template-090-gift-shop"
"blog.html","Occasions","template-090-gift-shop"
"blog.html","FAQ","template-090-gift-shop"
"booking.html","Gifts","template-090-gift-shop"
"booking.html","Occasions","template-090-gift-shop"
"booking.html","FAQ","template-090-gift-shop"
"contact.html","Gifts","template-090-gift-shop"
"contact.html","Occasions","template-090-gift-shop"
"contact.html","FAQ","template-090-gift-shop"
"faq.html","Gifts","template-090-gift-shop"
"faq.html","Occasions","template-090-gift-shop"
"faq.html","FAQ","template-090-gift-shop"
"index.html","Gifts","template-090-gift-shop"
"index.html","Occasions","template-090-gift-shop"
"index.html","FAQ","template-090-gift-shop"
"portfolio.html","Gifts","template-090-gift-shop"
"portfolio.html","Occasions","template-090-gift-shop"
"portfolio.html","FAQ","template-090-gift-shop"
"process.html","Gifts","template-090-gift-shop"
"process.html","Occasions","template-090-gift-shop"
"process.html","FAQ","template-090-gift-shop"
"reviews.html","Gifts","template-090-gift-shop"
"reviews.html","Occasions","template-090-gift-shop"
"reviews.html","FAQ","template-090-gift-shop"
"service-detail.html","Gifts","template-090-gift-shop"
"service-detail.html","Occasions","template-090-gift-shop"
"service-detail.html","FAQ","template-090-gift-shop"
"services.html","Gifts","template-090-gift-shop"
"services.html","Occasions","template-090-gift-shop"
"services.html","FAQ","template-090-gift-shop"
